price,size_volume_ratio,is_stablecoin,vol_ratio_24h_7d,liquidity_level,liquidity_category
0.9911228958152732,1.0438047787689646,0,5.138800013195021,0,Low
0.06852515947802029,0.9681866029657801,0,4.816218938589828,0,Low
2.426167474265122e-05,0.7663398578947944,1,4.890150701664695,0,Low
0.009452591110438271,0.8658640263052539,0,5.102714637568667,0,Low
2.4255342445534017e-05,0.8032447448757029,1,4.890150701664695,0,Low
1.9334759398670234e-05,0.7645557570341506,0,4.691761316061222,0,Low
0.0021262931775569596,0.7737152343174954,0,6.009585280851897,0,Low
0.002198592968397064,0.7540434283624362,0,5.07456896790737,0,Low
2.0340891051737053e-05,0.7760977297563834,0,5.146303623307214,0,Low
0.00193559641379749,0.7257105164852654,0,5.26375627187332,0,Low
0.0004580604197832772,0.7481444545254968,0,4.581736921416151,0,Low
2.4250465848903527e-05,0.6719252411460942,1,4.883763098800275,0,Low
2.834976661967282e-06,0.732529819851514,0,5.336858106853288,0,Low
2.426167474265122e-05,0.7135560497244771,0,4.8651431811964265,0,Low
5.434256077610381e-10,0.694907492931728,0,5.495460375764889,0,Low
0.9902567540256787,0.7005302060631354,0,5.1484957677703544,0,Low
9.786431719519863e-06,0.7413330525193701,0,5.037797221610978,0,Low
3.542204514078813e-05,0.6582848757058852,0,5.273985919562013,0,Low
2.426167474265122e-05,0.6813786684087112,1,4.897720594391729,0,Low
0.0006909724976574388,0.6375375734244182,0,5.302997005528468,0,Low
0.002684311697463805,0.626611469814202,0,4.664150740789854,0,Low
0.06852685779525479,0.7897280339232774,0,4.815220330610016,2,High
0.0002644522550503804,0.626332258372974,0,5.7343934355807535,0,Low
0.00035276475124433333,0.6087173611330242,0,4.649952412811802,0,Low
1.4790707759151004e-06,0.6044161149603725,0,4.902857469422755,0,Low
0.0010437372489376794,0.6622489118354628,0,4.975601918241882,0,Low
0.00015115023383451218,0.8540667338084127,0,4.6558514837375755,1,Medium
0.00722148749780203,0.5632751154441573,0,5.265863070908811,0,Low
0.00048474826203969156,0.6094201085752565,0,4.6377303612514975,0,Low
1.8334474809225043e-05,0.6110189806309448,0,5.309277746288606,0,Low
4.626895437762056e-06,0.5895708209911737,0,4.968974441848744,0,Low
0.0002236926414224021,0.5823243211998009,0,5.01458865176021,0,Low
5.008240441931438e-06,0.6150803019553601,0,5.426274266783408,0,Low
0.0012349192461927204,0.5558974809755245,0,4.602900278973584,0,Low
5.944110317156105e-05,0.5390285434860247,0,5.14089645390326,0,Low
7.78799760032655e-05,0.5117337325733522,0,4.533721655611406,0,Low
0.0004083239864872323,0.5653680443831228,0,5.513086771333421,0,Low
0.0006577340032108137,0.5474607914092969,0,5.275950831363866,0,Low
0.0038619733912150346,0.5559527727075012,0,3.8942981607483023,0,Low
0.004545424769727028,0.5511787522084668,0,4.875614835106482,0,Low
0.0013712698584482192,1.228855553441943,0,4.955216464339906,1,Medium
1.180905686378592e-06,0.5359309207278405,0,4.993371761165944,0,Low
0.0004287037933012215,0.5359201821660738,0,5.70580003998075,0,Low
2.959924319393409e-05,0.5015747074713497,0,6.059694210454289,0,Low
2.6687842220507075e-05,0.5787051573721548,0,5.171586614325992,0,Low
0.00022636142564804351,0.5635778806638786,0,5.611501227230403,0,Low
0.0006982510000910064,0.48933508403065074,0,4.873272885961052,0,Low
2.4250538633927862e-05,0.6020442686256692,1,4.898930064945617,2,High
6.963100657855561e-05,0.5405416041334261,0,5.6976808631548925,0,Low
2.4227659874611682e-05,0.5539513055995852,0,4.915338130680562,0,Low
7.521119177762406e-05,0.543098698501562,0,5.274031592489627,0,Low
1.0039480987460229e-05,0.504320277272478,0,3.2959653425104913,0,Low
5.472842699189153e-07,1.3562464055511119,0,4.888959100058076,1,Medium
0.0001960343321748454,0.482683324593373,0,3.1494145175256287,0,Low
0.0005565628193842248,0.5573395999221109,0,4.828414061109294,0,Low
5.070690025127998e-05,0.47312784948936537,0,4.9019268106993605,0,Low
0.00013877677969744733,0.487669719943615,0,5.838315315234812,0,Low
0.0035708332938723325,0.45593641311175476,0,4.259654198683806,0,Low
1.7325577325233468e-05,0.530611091360052,0,5.2216657079345365,0,Low
8.226392771768051e-08,0.5945619614527987,0,8.849558565552833,2,High
5.32250134955585e-07,1.704456573893042,0,4.888959100058076,1,Medium
3.98777013907049e-06,0.5361900636849344,0,4.76739827897244,2,High
0.05044099233157835,0.48149288783353117,0,4.571094233577811,0,Low
0.003695538302234123,0.4487330769639438,0,4.45719121592411,0,Low
0.00015794350277250854,0.4395455438866953,0,5.749142104147354,0,Low
0.0009500871842924435,0.5477788310879597,0,5.785224418441188,2,High
5.584891928068217e-06,0.4282369545663896,0,5.093646016083859,0,Low
4.436295756608979e-11,0.4738713000811399,0,5.114083711498583,0,Low
0.0008156775060192295,0.4902112874625574,0,6.368766712687662,0,Low
0.9925225518332483,0.5813129279381926,0,5.075161622938735,1,Medium
3.1785219768316697e-06,0.4636292589562404,0,5.43546909006385,0,Low
0.00278184363007361,0.4937379029423261,0,5.362780796140262,0,Low
1.936045740050296e-09,0.4886631122225281,0,4.566678869732853,0,Low
0.001894594183421726,0.4517684754914488,0,5.646273216269285,0,Low
0.0005010035841413257,0.4380425107669464,0,5.375997352436816,0,Low
0.00022102385719676064,0.4720486967534129,0,4.997515344890343,0,Low
2.426167474265122e-05,0.4409436105169395,1,4.898930064945617,0,Low
0.0011810583281843205,0.5671991187234569,0,2.6976428532517076,1,Medium
7.933567648997901e-05,0.5328864454829584,0,4.650531770086063,2,High
0.0004413198641860719,0.5031640151694703,0,5.099312888349386,2,High
3.445157814964579e-05,0.4286126903062083,0,4.836810076508366,0,Low
3.056971018507643e-05,0.4668826492920451,0,4.036827974951044,0,Low
1.0057825159211538e-06,0.5766906067294706,0,476696.64758789865,1,Medium
7.302764104755379e-05,0.38536417149108076,0,5.900974290574366,0,Low
2.0650154620139338e-05,0.4091794480969194,0,3.6001903994181736,0,Low
3.123860423555578e-06,0.6344414041341173,0,4.671802689312591,1,Medium
5.3618301224707e-05,0.5005722292302914,0,4.823254302048823,2,High
0.0032750834783217045,0.4263060706845017,0,5.374623836194942,0,Low
6.095777211833995e-07,0.48910322438412634,0,5.237757127681638,2,High
4.9317919047042005e-06,0.4003830017324343,0,4.963756028857382,0,Low
0.00015139285058229777,0.41654190835389754,0,5.428462234365893,0,Low
0.0023511989027541966,0.38420835434048983,0,5.102334065511118,0,Low
0.0004296742602923638,0.48500368284053386,0,4.920262900168073,1,Medium
0.0004539359350709223,0.4272702736655467,0,4.333972292025417,0,Low
2.765830921164941e-05,0.411364824405445,0,4.972078961110069,0,Low
2.425075698900087e-05,0.3970480156441188,0,4.898930064945617,0,Low
0.0001086923029720348,0.3848202203394792,0,5.979752566793169,0,Low
0.00015333378456458243,0.4502626887175436,0,5.113696299236315,2,High
1.7357869614363727e-05,0.3756720713968489,0,5.25384854742874,0,Low
2.3730981096031713e-06,0.41898515215620563,0,5.106980818066878,2,High
4.900858301678089e-05,0.3619322908696895,0,5.155174686341315,0,Low
5.1677367242422324e-05,0.35576925281172794,0,5.420927874603481,0,Low
5.533044729066437e-06,0.373383292441493,0,5.356457458089429,0,Low
0.00018730012925456433,0.3160040666477252,0,2.962482585983444,0,Low
0.00011475772166667443,0.4125348459595571,0,5.120460432888252,2,High
0.003185800515136609,0.45127867435750113,0,4.828470823067115,1,Medium
5.281379023889932e-07,0.7602959526357619,0,4.890150701664695,1,Medium
0.0027942170842106748,0.36408978501419353,0,4.882471198733888,0,Low
6.914577308298445e-05,0.3549241753025984,0,10.66403141747871,0,Low
0.001281986895263124,0.39366687932457883,0,4.875794425552749,2,High
1.8719838921889481e-06,0.35792795417763956,0,4.477718339105105,0,Low
9.928963077855827e-08,0.35997652037769007,0,5.025922706597656,0,Low
0.00019239508095806162,0.4212236245692619,0,5.352042616737372,1,Medium
0.4699537354123457,0.341878651776878,0,5.5268793460584495,0,Low
2.426167474265122e-05,0.3968113787511348,0,4.7986438984271915,2,High
0.0023092262053872907,0.6088405562150146,0,4.815220330610016,1,Medium
1.2688617057850237e-06,0.3753645244163971,0,5.72174727076608,2,High
4.166179982323094e-07,0.31247065470322916,0,5.848608565890945,0,Low
6.717038719934871e-06,0.3538283232714051,0,5.349309096513795,0,Low
0.00014484219839208695,0.33093785046128704,0,5.030046764346961,0,Low
7.78799760032655e-05,0.31588728290890483,0,5.021122599409375,0,Low
0.047213946969282286,0.35016151771025256,1,5.149481176154355,0,Low
3.614989538414489e-05,0.3292922097601492,0,4.210907725201335,0,Low
0.9912017462583035,0.3655912345878427,0,5.200599325152393,2,High
0.0005961093492732751,0.363398265868975,0,5.353029824716627,2,High
0.0022735615434628094,0.3570244712309784,0,5.083243368173961,2,High
5.6287085450348435e-05,0.3484905547897753,0,4.8921205475807445,2,High
1.7646314886940017e-06,0.34491552326896263,0,5.429664525855795,0,Low
1.693406667933187e-05,0.416503232010141,0,5.696659551365724,1,Medium
1.0083846533261783e-06,0.33548316202329864,0,4.9796353121147945,0,Low
0.00010020071679953932,0.31696327305030775,0,4.6215557568557,0,Low
0.007428924817158705,0.40849075339928004,0,5.317641396446072,1,Medium
5.968371991934663e-05,0.33926420956730446,0,5.721988094808643,0,Low
2.426167474265122e-05,0.3629548138947883,0,4.8348791795499775,2,High
1.8081279971236006e-05,0.32732503451222766,0,5.882093279447976,0,Low
2.334144207027866e-08,0.44168525700198114,0,6.055072812032477,1,Medium
1.2512759704852322e-06,0.3381187265127585,0,5.531626598617437,2,High
5.532057683587686e-07,0.31560740239785384,0,5.218348001015377,0,Low
0.0007259093093385631,0.3507820567052885,0,5.284042780491725,2,High
7.78799760032655e-05,0.3295327584498955,0,5.070338198362586,2,High
4.761523471108276e-06,0.3435235687381219,0,5.581443541486028,2,High
3.109157848639771e-06,0.36961210030430713,0,4.622495969529586,1,Medium
0.00018657227901120759,0.2998160195994972,0,5.279995785356814,0,Low
0.0007999074174131664,0.35680741472647465,0,5.958053719343041,2,High
1.545419541857146e-06,0.38267413812971013,0,6.3216173379609435,1,Medium
1.24242095247943e-05,0.29925327339193586,0,5.030668290842172,0,Low
5.847063618041871e-05,0.30004780919230273,0,5.83229241400279,0,Low
5.174869624310578e-06,0.3512138969998302,0,5.369205610960686,2,High
0.047508968934589564,0.3561571279710726,0,5.131960746409746,1,Medium
0.00095688045323044,0.30793935289514146,0,5.590089880646589,0,Low
1.3823501617647664e-05,0.42324552872081517,0,5.417913910481832,1,Medium
0.0007038311852900749,0.3612411996206313,0,4.403899947319842,1,Medium
1.1319381378728304e-05,0.3174782155989438,0,5.832704978801613,2,High
2.4504291490436807e-05,0.34141553637863814,0,4.896515451062802,2,High
1.8035207050831523e-05,0.32666387205353525,0,5.411995679990733,2,High
1.8467525833710658e-05,0.24344723308689917,0,0.8757145780875479,0,Low
3.2753260951053976e-14,0.31566815585178637,0,5.49899892247633,2,High
2.1653315515560152e-07,0.3182201264924671,0,5.47429830463577,2,High
1.2371076457029256e-05,0.29623294236005565,0,5.30585078761777,0,Low
1.2571429367350592e-05,0.2951549345863056,0,5.102714637568667,0,Low
0.0035485125530760582,0.2882355948637732,0,5.640737421842964,0,Low
3.732707188030782e-11,0.2778979526537466,0,5.4761688866333404,0,Low
5.871325292820429e-05,0.3088250874310925,0,5.845644445975549,2,High
0.00011645603890117351,0.2652031183630832,0,5.6877570406299025,0,Low
1.0350903844917805e-05,0.35777943713748783,0,5.655409687537372,1,Medium
1.161683064404841e-06,0.2693713350462368,0,5.506795381540135,0,Low
2.985083643822223e-06,0.29896281280165016,0,4.805283503690471,2,High
1.735971353755418e-11,0.2979852963896075,0,5.1366394372668776,2,High
5.094951699906557e-05,0.3770079489101736,0,5.309133076947099,1,Medium
0.000675687642546947,0.29471628886772355,0,6.587774027659465,2,High
3.6154019545691734e-06,0.33585789520031084,0,3.8714913162053537,1,Medium
3.857606286200074e-05,0.2534175830821561,0,4.956966259100615,0,Low
2.4239912020374853e-05,0.30957229350502413,0,4.883763098800275,1,Medium
1.2127964447912682e-06,0.25668014067925604,0,5.489552253834654,0,Low
1.0263877217487116e-05,0.29295196223474446,0,6.125255044261368,2,High
9.60944280201028e-06,0.2690052045095761,0,5.5796431855098225,2,High
0.0003663512891203261,0.23663818105217593,0,5.188254676499358,0,Low
0.013190829960318565,0.2724053421337314,0,5.006492721534887,2,High
8.320541329399358e-06,0.24774709835681624,0,6.85224293107582,0,Low
0.0007904453642495286,0.3257848456757495,0,4.203263745617611,1,Medium
1.5134262859234065e-05,0.3021649501371458,0,5.7436028156373204,1,Medium
2.236873035307853e-05,0.2546297702643153,0,5.291195216150667,0,Low
3.4694194897431375e-05,0.26200402612556756,0,4.553783965021122,2,High
2.625988941043497e-07,0.27165886467593553,0,5.3255663463662595,2,High
5.895586967598988e-05,0.21751830937195296,0,3.3179181679338203,0,Low
2.4248282298173457e-05,0.2485966136805768,0,4.890150701664695,0,Low
7.035885682191236e-05,0.2666794394541524,0,3.3384182539170144,2,High
0.00010505305175525102,0.25437141443000133,0,6.349614262518215,2,High
2.8386159455006164e-05,0.2728086744771099,0,5.442458038952363,2,High
8.434907309484895e-08,0.23528183249214754,0,5.889127273632294,0,Low
1.2497743106227524e-07,0.28469795539380455,0,5.4119988920891,1,Medium
1.2066277036786226e-05,0.2550779552636104,0,5.806970463298252,2,High
9.58336153393988e-05,0.1957387305196677,0,4.830638935671864,0,Low
1.4799062752094497e-06,0.21747940769352533,0,5.458443961663865,0,Low
7.302764104755379e-05,0.2430434015999637,0,5.15081560868828,0,Low
3.0327093437290846e-05,0.2288494142491201,0,3.9732659501042407,0,Low
2.8871392950577335e-05,0.250682984211067,0,6.109536938503,2,High
5.094951699906557e-05,0.25292665217005106,0,5.163515111683364,2,High
9.584792940435263e-06,0.2825480600154344,0,3.6497661281985327,1,Medium
4.836925279136807e-07,0.24706569753812269,0,5.330474887729778,2,High
8.758464591468889e-05,0.25718108981242244,0,4.957151778577574,2,High
1.971365397368698e-05,0.23471025979140536,0,5.276012690811107,0,Low
7.982090998555017e-05,0.2674802963712843,0,3.0358646605911876,1,Medium
9.407682714551787e-06,0.27613712116611105,0,7.394985036915251,1,Medium
4.6825032286710624e-05,0.26467426280346756,0,5.550609041464678,1,Medium
1.977981556080811e-05,0.22641229879788075,0,4.914286460346711,0,Low
1.632970367033101e-06,0.23732674684024258,0,5.026208104230162,2,High
0.0005847063621273526,0.2453622582284087,0,5.798385798138251,2,High
1.2458855232285363e-11,0.5616714315864837,0,5.124196115492386,1,Medium
3.244728532481768e-08,0.22823537736678845,0,4.276640837868943,2,High
3.493681164521696e-05,0.2708653646998421,0,3.5191056381141874,1,Medium
3.42089614018602e-05,0.20874199424022818,0,4.875466218534844,0,Low
2.426167474265122e-05,0.23961769090551052,0,4.843421290947508,2,High
7.011264938216684e-10,0.23260569161827263,0,6.066856929528733,2,High
0.0001310130437683086,0.21445565715678358,0,4.8995440992462695,0,Low
5.119213374685115e-05,0.2076161494638858,0,4.671170224687036,0,Low
2.571688967270365e-06,0.21364740816221708,0,3.852156975263087,0,Low
4.674982077173159e-06,0.3763324128574721,0,4.880379511039032,1,Medium
9.58336153393988e-05,0.22483790154049907,0,5.223392370980995,2,High
0.0001264033255603825,0.34174476235592127,0,5.898364555528362,1,Medium
6.450779491218354e-09,0.19760063702860398,0,5.290248515292899,0,Low
3.323849441071787e-05,0.20640477986310615,0,4.7573361622004935,0,Low
1.3508172630550737e-05,0.22802474304151185,0,6.2534459086215115,2,High
4.609718204335387e-05,0.20748492949596337,0,5.174788427213902,0,Low
0.0022628864065602438,0.23293435929237916,0,5.117818135247489,2,High
6.890315633519886e-05,0.21570204540583204,0,4.999529826980149,2,High
4.148746383542775e-05,0.19841182471327629,0,7.058069534836024,0,Low
2.8386159455006164e-05,0.2308086864886659,0,4.954797601195609,1,Medium
1.2899422948681926e-05,0.21652992695970627,0,5.1063794009451815,2,High
5.337209378496147e-10,0.22764004055515188,0,6.232598242946696,1,Medium
1.0844339889566098e-06,0.2119259877010291,0,6.276767606982365,2,High
6.429343812727273e-05,0.19265011372320295,0,5.750839289900531,0,Low
1.1895183706247833e-05,0.22323793391304717,0,5.143292498201938,1,Medium
0.00011257417093660414,0.19216964310005144,0,6.500017728113648,0,Low
5.8363557799924317e-08,0.20017343660749976,0,5.476461173153656,2,High
6.113942040606013e-05,0.19619802700824468,0,5.010218299727543,0,Low
8.079307497076152e-06,0.19748763203353825,0,5.615030069811459,2,High
8.030614348112135e-05,0.24418502402173428,0,4.635382293819519,1,Medium
2.6930458968292657e-05,0.19937008200631376,0,4.909176878299785,2,High
1.4833748455441661e-06,0.2487619052514507,0,4.495397250123937,1,Medium
4.391363131328361e-05,0.20486557278889347,0,3.5059895257877263,2,High
9.692708869850292e-06,0.18301581772251996,0,5.108264783533526,0,Low
0.001601027918601168,0.2032465409669146,0,5.804698452581059,2,High
9.753193257389788e-05,0.2614051823349955,0,5.127064041386499,1,Medium
7.85235538404197e-08,0.19432989109633614,0,5.9263250926165485,2,High
1.3910554852371848e-06,0.20183079132745527,0,5.870634361923357,2,High
2.083138933073517e-05,0.21233590808733593,0,5.857725247365455,2,High
1.2411278052137328e-05,0.18493302575349851,0,5.373772400308828,0,Low
2.6143167298562924e-06,0.1979707790038886,0,4.98215614210232,2,High
9.806942944062392e-07,0.2059789796573846,0,5.061048593403029,2,High
9.296309901165548e-07,0.18294838530839988,0,5.539934899351511,0,Low
4.967699183376467e-06,0.19197195431837277,0,5.316134066279203,2,High
0.00021592890549326337,0.1844698189687334,0,6.116559867094012,0,Low
0.028480780022513915,0.20701040111317098,0,5.143561824447078,1,Medium
0.00012203622410024198,0.21921597517998556,0,5.268221411913376,1,Medium
2.0804191993308407e-05,0.18581342047316474,0,4.199870885574287,2,High
1.7535850753822996e-06,0.19765729164404072,0,4.9689594975462015,2,High
2.4232415162868277e-05,0.2574059370691093,0,4.88140274905335,1,Medium
3.9848084358815103e-07,0.19477583268497847,0,5.466841567758732,2,High
3.10549436806476e-05,0.1889456384044431,0,4.13014207514312,2,High
1.1304678803812497e-05,0.1811689324720158,0,4.777232566601283,2,High
3.2510644167361114e-05,0.20818956770969702,0,2.5415728218248614,1,Medium
5.6263308685899944e-06,0.18262686799196728,0,4.800322808230614,2,High
0.00031807055631099466,0.19939851999939323,0,5.440373814222013,1,Medium
0.000102141650781824,0.16150695153777006,0,5.310831397711196,0,Low
5.313306772913583e-05,0.1972324657664082,0,5.423711107287182,1,Medium
1.008339461880942e-05,0.1576306065751913,0,2.4350698726798763,0,Low
1.8362497079501559e-10,0.18489932625626743,0,5.47773157833635,2,High
4.717124606263515e-06,0.1856049306292951,0,5.36406593643652,2,High
1.8096419256297828e-05,0.18680829090469553,0,5.427295934417757,2,High
6.942963435472807e-06,0.15789228367167613,0,5.0028474068722035,0,Low
0.0006179448565739777,0.18768781357897507,0,5.649232238804368,1,Medium
0.9911818516849851,0.17577500972833038,0,5.0157633552967775,2,High
7.351287454312497e-05,0.15180435514627932,0,5.099312888349386,0,Low
4.536933179999712e-05,0.2151357675750981,0,4.980195048546676,1,Medium
1.4878180881946378e-05,0.26090965788404863,0,5.1573912854879245,1,Medium
2.8845675252146552e-06,0.1765147033952311,0,5.609600871371479,2,High
3.396634465407462e-05,0.18933577401833193,0,3.508249633433639,1,Medium
0.00487392784622871,0.19230973497531872,0,5.590089880646589,1,Medium
1.974968256073314e-05,0.16659945733325335,0,4.92545831972878,2,High
1.78845177887819e-05,0.18265069168040707,0,4.895314611777489,1,Medium
1.573456794203069e-06,0.21829350615075815,0,5.237759470365549,1,Medium
2.383066609021013e-05,0.15072196461411413,0,6.098648084151584,0,Low
0.00010505305175525102,0.16637464518290934,0,5.346395276103238,2,High
1.4858771542123532e-05,0.1583587038106048,0,5.6036066064288566,2,High
1.7930239436042866e-08,0.3201090149126783,0,7.370956778222185,1,Medium
0.0001116037039454618,0.15366548748536452,0,5.131434544338989,0,Low
3.224355596574076e-07,0.14403554347534145,0,4.48156228245622,0,Low
0.001250931951546569,0.1540173677315889,0,6.007459789656028,2,High
0.00020549638533848323,0.2094479347484267,0,4.269776425877196,1,Medium
7.909305974219342e-05,0.1768947461391004,0,4.870377708490542,1,Medium
0.000367564372859254,0.21635679606271924,0,5.6604954248827575,1,Medium
5.3183046456014165e-06,0.154209065546238,0,4.230494216283888,2,High
7.811410084171309e-06,0.14862325850962896,0,5.139957161656853,2,High
0.00017832330958649767,0.17565957096573748,0,6.202102535427054,1,Medium
0.0018846468967625171,0.22340583098514524,0,3.2323723606544634,1,Medium
1.4077946453028569e-08,0.20851406956272617,0,5.666928083623619,1,Medium
2.911400969836292e-05,0.13786150059599572,0,3.3153352487443124,0,Low
0.9878415043014731,0.16473482418268157,0,5.18834480622059,1,Medium
0.0006761728760425181,0.16015546342123307,0,5.154571594445986,2,High
9.705838479841443e-07,0.15408870070917338,0,5.212066117530394,2,High
5.847063621632597e-14,0.19216214568184195,0,4.828534875482522,1,Medium
1.494770158237123e-07,0.1717595350514812,0,4.1383031202986205,1,Medium
0.00021471582175433543,0.17518488278588185,0,8.219979664941835,1,Medium
3.6356361913344913e-06,0.16173912923053602,0,5.168839939960622,1,Medium
0.17942454704056784,0.1783539873584156,0,6.996293783021026,1,Medium
1.6220676394143136e-05,0.16524518541943756,0,5.620775260105502,1,Medium
0.00043598229573478894,0.17013980197335402,0,4.74311393152127,1,Medium
3.6421868435247016e-06,0.17433547783685116,0,5.160930279848188,1,Medium
5.070738516161005e-06,0.15679453792573603,0,5.331659043931609,1,Medium
2.0585850348653137e-07,0.1370137701878126,0,5.130266879342318,2,High
2.5717375229364732e-05,0.13176395055933693,0,4.490503556850299,0,Low
5.4103534756185446e-14,0.16716966989387366,0,4.919184504076982,1,Medium
8.806987941026007e-05,0.14838845750403595,0,5.510282110785001,1,Medium
0.0018283598112762613,0.13785137339523929,0,5.0157633552967775,2,High
2.765830921164941e-05,0.1545339644803619,0,5.139325639348983,1,Medium
2.418309117804347e-05,0.1706567718600306,0,4.957280040654591,1,Medium
2.212507892929427e-07,0.14403528543549915,0,6.471429651767439,2,High
7.949414213993594e-08,0.1403380406730585,0,4.785742700134973,2,High
5.143475049463674e-05,0.13539708812706255,0,4.708373725640858,2,High
2.358681199701084e-05,0.16137186703812761,0,4.909176878299785,1,Medium
8.661417892354656e-05,0.13056479117742398,0,5.200027222784027,2,High
7.78108299069811e-06,0.13649381730417587,0,5.304365820053573,2,High
3.129756042843319e-05,0.12421418565649386,0,4.7538926325780615,0,Low
9.787960205030912e-06,0.14947194178319512,0,5.922673103235874,1,Medium
2.3801554911328073e-06,0.17019930515470286,0,2.7844207601976345,1,Medium
5.954567066669113e-06,0.1258831920805473,0,4.654606281590087,2,High
3.5175837701042596e-10,0.1332957438410942,0,5.124065422184501,2,High
9.146651387925826e-05,0.17272764325333842,0,5.345861308080749,1,Medium
0.0,0.13247915959585913,0,4.063345217343464,2,High
9.46620187411767e-06,0.12089104206416262,0,5.856194003574229,2,High
2.074489646014961e-05,0.13635815543180874,0,5.604113554738285,1,Medium
5.209806435991703e-06,0.11879896055281679,0,4.435212569753833,2,High
2.6930458968292657e-05,0.12588118330246667,0,4.919184504076982,2,High
2.6202608724935903e-05,0.12177245165625455,0,5.296756828438747,2,High
0.008771323282656347,0.1142271380283864,0,5.211738684312995,2,High
6.453605487505832e-05,0.12481280588824223,0,5.036947553626087,2,High
7.382245319013387e-06,0.16792615936024716,0,5.520383573176079,1,Medium
4.130404525093635e-06,0.13657874487395177,0,5.335576712217417,1,Medium
7.162628638917876e-06,0.20898447831459313,0,5.566037961594839,1,Medium
2.426167474265122e-05,0.14657023737976022,0,4.834971750615363,1,Medium
0.00019530648193148866,0.1350037186068302,0,5.265970743392465,1,Medium
2.6687842220507075e-05,0.1682179114853084,0,4.966764340509528,1,Medium
6.332297113613039e-05,0.1096430449195843,0,4.891713371809597,2,High
3.639251216783775e-14,0.15032925576106504,0,6.918017722092757,1,Medium
3.741732495141127e-06,0.11180699511552819,0,4.371142819046396,2,High
3.566466188857372e-05,0.10352688698901431,0,3.374738454686517,0,Low
7.832881666350334e-06,0.11096340562679542,0,5.998066873999318,2,High
4.391363131328361e-05,0.1175647278040608,0,4.79662066101644,2,High
0.0003302013937002739,0.11959116716262108,0,5.565632139853556,1,Medium
0.00019360816469698956,0.1216564311116398,0,2.8406720379696595,1,Medium
1.8472751717909199e-06,0.10998466384198308,0,4.7651534987392035,2,High
3.347479714207296e-07,0.1225011132268312,0,5.828739505045024,1,Medium
2.2956881873060344e-05,0.10687598223524505,0,5.373772400308828,2,High
2.1348525635007643e-06,0.11128253175738428,0,5.4614956404784545,2,High
7.813520849877044e-06,0.11426490479071727,0,5.142931573341763,2,High
6.57532182990309e-07,0.11154737651052418,0,6.648276447598421,2,High
0.343092106779489,0.10776600198258715,0,1.9181189258104954,2,High
3.6728536004447993e-06,0.13978759620302858,0,5.678156584360704,1,Medium
4.173008058321334e-05,0.11158779488106824,0,4.942979376036325,2,High
6.793851182283787e-06,0.1090871496016218,0,4.947026945400414,2,High
4.655378643952084e-06,0.10866552929079841,0,4.9927048602773185,2,High
7.835404880527304e-06,0.1202447475532206,0,5.261343621137123,1,Medium
0.0002794944934130866,0.10538514043921177,0,5.296242748353643,2,High
0.0009614901714383662,0.09279510003074809,0,5.318539425864623,0,Low
2.406317218971648e-06,0.09313000972036102,0,5.281957637089631,0,Low
0.0002651801052937371,0.12476349110955955,0,6.895655014569697,1,Medium
2.814792808936743e-07,0.09719852997893705,0,5.12914070847091,0,Low
0.07562655168570437,0.09886846348808526,0,14.265747191226573,2,High
3.930391310535749e-05,0.10074850421216573,0,5.2469958116983335,2,High
0.054703040739927725,0.13898549894258225,0,5.43546909006385,1,Medium
0.0003253490587445622,0.10750755004028666,0,5.861336358913572,1,Medium
0.00064584578256932,0.10260969273263537,0,3.7874207650178566,2,High
3.0408127107885723e-06,0.14429677954588116,0,5.909882696516234,1,Medium
0.0019358390305452755,0.113406065125729,0,5.332172975431378,1,Medium
0.06836964214268974,0.1138233757115601,0,4.800974116614128,1,Medium
4.706764903449621e-05,0.08946776539241609,0,4.961279498322792,0,Low
2.686433021886311e-07,0.11246601248656289,0,5.090460673444326,1,Medium
2.6930458968292657e-05,0.1027150515037022,0,4.929251014674863,1,Medium
0.002351684136249768,0.09361978894884063,0,6.8257173794437795,2,High
3.372372790628903e-05,0.09152632899970563,0,4.662150150812067,2,High
0.035491918800021754,0.10325268218301517,0,5.913589248783058,1,Medium
0.0002426167477496777,0.07561511762793476,0,2.2028666758563076,0,Low
9.583652641720672e-06,0.08502329602681756,0,5.269939967175842,0,Low
1.1929004480889142e-05,0.09114092081165724,0,5.593268287152244,2,High
2.7173075716078242e-05,0.13872203986986356,0,5.182519744554639,1,Medium
1.1262240929591327e-06,0.09476861769603827,0,5.521780219141573,1,Medium
2.5959991977150317e-05,0.09369233288548268,0,5.939696062577929,1,Medium
0.0011470919834943385,0.08800995291565736,0,5.226579690776707,2,High
5.07812344679809e-07,0.09168829954078239,0,4.688420141695389,2,High
5.611380016192443e-07,0.06760715809659743,0,2.5282961698705155,0,Low
0.0003658660556247549,0.09075226992201173,0,5.719612055397585,1,Medium
7.909746695984757e-07,0.09030238750258768,0,5.362859277263836,1,Medium
0.0001521207008256545,0.07286171740713154,0,5.29168876819012,0,Low
2.68482471546524e-07,0.08385161493919767,0,6.058092920880277,2,High
5.750089671635422e-06,0.08404050618082623,0,5.507024641961332,2,High
4.415624806106919e-05,0.09217568779403172,0,4.9507098434809755,1,Medium
2.11917479862211e-05,0.10789961552002994,0,5.373772400308828,1,Medium
1.3585276232996996e-05,0.0788114782377333,0,5.1981684954091465,2,High
0.00022466310841354442,0.09488829484361909,0,4.719326618755975,1,Medium
0.00021495843850212102,0.07741328479464994,0,5.287707313250914,2,High
7.78799760032655e-05,0.10332672178920886,0,5.745881176679963,1,Medium
1.3300386105145239e-06,0.10261126815846883,0,4.192764312752619,1,Medium
3.888555093532535e-07,0.0870289595542749,0,5.402228738274767,1,Medium
7.424072478648172e-05,0.07665192505512805,0,5.53308326274023,2,High
0.00010602351874639336,0.0821105004066841,0,7.137448697969792,1,Medium
2.8871392950577335e-05,0.0843551570825926,0,5.268042883121059,1,Medium
4.039617338072269e-06,0.07852746847576189,0,5.25404665900832,2,High
4.391363131328361e-05,0.09310347807275275,0,7.356125787217722,1,Medium
8.201149627814074e-06,0.10176827315973588,0,5.163489878006636,1,Medium
0.00014969453334779864,0.10716871659723812,0,4.889780529172472,1,Medium
5.205609166255012e-06,0.07664433646606225,0,5.160574203957208,2,High
0.0005585037533665094,0.08433453843526664,0,4.204979426930149,1,Medium
0.06844242716702542,0.07410813712874924,0,4.89584025854307,2,High
1.2841461807635951e-05,0.06622689325891108,0,5.514889753020795,2,High
3.687774562750164e-05,0.06548598868904437,0,5.300540724136755,2,High
0.0025666425747877964,0.07247375504006583,0,4.5359322496992265,1,Medium
2.8386159455006164e-05,0.06873577863297071,0,7.225232067077819,2,High
3.3694180910090597e-07,0.06372444832564697,0,5.0157633552967775,2,High
1.1670738952871388e-05,0.06950379504438456,0,5.216431094149277,1,Medium
0.0003183131730587802,0.06715383013895676,0,4.905290487118764,1,Medium
0.00032898830996134603,0.061263520807377014,0,5.359655819232062,2,High
2.4200923509005714e-05,0.05916251530267271,0,4.947026945400414,2,High
1.2650543133982886e-07,0.07631732114036878,0,5.5793336858334435,1,Medium
0.0028085314723300244,0.06881222224983785,0,6.676330268140969,1,Medium
9.237535589329756e-06,0.061221642874454786,0,6.917958194268384,1,Medium
4.531813934304886e-06,0.06383942515774238,0,4.926768279014927,1,Medium
1.1467013669755832e-05,0.055730408090765425,0,4.864000403959603,2,High
3.44933079070994e-06,0.05214963121106699,0,5.40805832509466,2,High
4.904048113812662e-07,0.04721230017993975,0,5.84714150625137,0,Low
0.0008673548732975591,0.06858914417933698,0,3.7087487237014485,1,Medium
2.1793349050047037e-07,0.05587341084877973,0,4.90381168890639,1,Medium
1.9926089198048038e-05,0.04478702343071142,0,5.354894324039352,0,Low
0.00016716293918836076,0.0638489155655875,0,4.563937422965296,1,Medium
1.523854139781753e-06,0.21043293125238122,0,0.0,1,Medium
5.576230510172272e-06,0.06211746135237574,0,4.7286717138198116,1,Medium
7.374311751360799e-06,0.060025758576019994,0,3.445037468213426,1,Medium
2.5959991977150317e-05,0.05451528141394639,0,3.8092624656460825,1,Medium
4.0031763348714246e-05,0.048170305093647885,0,5.966946336834598,2,High
9.510576509604203e-05,0.05226697397743343,0,5.378874346827898,1,Medium
2.6930458968292657e-05,0.03955381089222625,0,4.276234337327049,0,Low
8.612894542797538e-05,0.04936873543404602,0,3.325917373008546,1,Medium
8.93062540338099e-06,0.04196820924220793,0,4.947026945400414,2,High
0.056548626340332676,0.0533406062174939,0,4.326406335249757,1,Medium
2.3233804628982813e-05,0.04244720364688357,0,5.074520559949751,1,Medium
2.8386159455006164e-05,0.03990524130788906,0,4.9472343877801865,2,High
2.426167474265122e-05,0.04064927853456949,0,4.892925753437258,1,Medium
3.4694194897431375e-05,0.043100502803016194,0,7.25101477718843,1,Medium
3.056971018507643e-05,0.04172388556706373,0,5.4197635963819115,1,Medium
7.611785024093329e-06,0.035834244928356136,0,5.233410693354452,2,High
7.75046475712757e-06,0.03955534780502936,0,6.289873959558079,1,Medium
0.0027563688715561236,0.04505689668612605,0,7.952539686136895,1,Medium
8.636040148219733e-06,0.034264777209780176,0,4.41600399752479,2,High
0.00013707846246294826,0.03319628210470715,0,5.9561983916299965,2,High
0.04897777072568349,0.03224818908671356,0,4.79276130192822,2,High
0.0031537751044289123,0.03563368751256379,0,9.595506584813892,1,Medium
1.795718150474368e-05,0.03256215317523307,0,5.15484302657244,2,High
0.00010044333354732489,0.032279941147015656,0,10.580536257601343,2,High
1.2311178183320202e-06,0.031214801611046044,0,5.549171821513388,2,High
5.300666408037404e-06,0.031115558593047647,0,6.47875141209941,2,High
0.0013166810901964626,0.03113845880477925,0,4.65998226068625,2,High
4.480645981648145e-07,0.04347064857844371,0,5.732567522635972,1,Medium
7.375549129091056e-05,0.0315592002995435,0,4.895314611777489,1,Medium
0.00019627694892263099,0.029006966323644745,0,4.915473798383974,1,Medium
8.480315295021057e-07,0.027823386156943925,0,5.221790692553506,1,Medium
3.566466188857372e-05,0.03761016901822267,0,4.860957687162501,1,Medium
2.4244812878680122e-05,0.02924790399970642,0,4.890150701664695,1,Medium
0.003847173769600114,0.0266388221196565,0,4.965053765834568,1,Medium
2.6812304288955566e-06,0.02780102763135864,0,6.109850666006079,1,Medium
1.6550853526204537e-05,0.026416701730344726,0,3.9840732380081554,1,Medium
6.6092926222432925e-06,0.023469122606152398,0,5.164435383150448,1,Medium
3.7844330427513906e-06,0.02599971623426477,0,6.985818528361936,1,Medium
1.3391742956290406e-06,0.027996956261696505,0,6.926007487815186,1,Medium
4.52684029097528e-06,0.023145883641957427,0,5.412740795488325,1,Medium
2.008704689078218e-06,0.020790891390416753,0,5.5877146733692875,1,Medium
2.426167474265122e-05,0.016484447119912562,0,5.0157633552967775,2,High
2.2563094188432018e-06,0.017105204414638513,0,5.386198385935673,1,Medium
0.00017565452536085627,0.016231061656472028,0,5.541810523407014,2,High
0.0016932222827596905,0.017371298432813043,0,4.774961166621767,1,Medium
8.616000004852645e-06,0.016973360229869425,0,4.823710067978159,1,Medium
1.8464055285564215e-07,0.013324834271500127,0,4.477718339105105,2,High
3.5636747703087876e-07,0.014175268770896006,0,14.469658806361855,2,High
2.2925050555750875e-05,0.01326988844158262,0,4.908308704201933,1,Medium
0.0006402655973702516,0.013105669659914785,0,5.0879974942705575,1,Medium
8.054876022890693e-05,0.013818835516180423,0,6.5318257454908055,1,Medium
4.148746383542775e-05,0.012375348211649704,0,6.0844734865719445,1,Medium
8.166929182840398e-07,0.012361985977104282,0,5.1539086621964305,1,Medium
1.787539427041205e-07,0.011543990567478951,0,7.444355181966959,1,Medium
1.5552097422270398e-05,0.01030764003939243,0,5.072121532575857,1,Medium
0.16804630680291946,0.011310723768210873,0,5.086967912567608,1,Medium
3.833344611421515e-05,0.007256347640784027,0,4.95606406880544,2,High
3.978914660092866e-05,0.00825016399174323,0,4.509890807504639,1,Medium
1.993635156331386e-06,0.007048373551403857,0,5.485335104300211,1,Medium
3.202541067178994e-05,0.0065879172393879,0,4.7887062800593,2,High
0.00037193147431939457,0.007299695342126883,0,2.0653707471073983,1,Medium
1.3447178214375185e-06,0.006146618063104176,0,5.778781666208685,1,Medium
9.209974974082796e-07,0.006349778866947032,0,5.313518717136337,1,Medium
1.6741373827039609e-06,0.0048017720845775725,0,5.302292277135378,2,High
1.1272289467983122e-05,0.004000378187789412,0,4.831613420105747,2,High
2.4246802336011965e-05,0.006202575779291167,0,6.849450375916558,1,Medium
0.991318930147484,1.019574769857758,0,4.658118218011832,0,Low
0.06658398287898783,0.9490651574667988,0,4.610470097564123,0,Low
2.426167474265122e-05,0.7576037254562736,1,4.882580808937659,0,Low
0.009302653960306778,0.8637846296834398,0,5.065794098028744,0,Low
2.4258617771629124e-05,0.7994315142330959,1,4.890150701664695,0,Low
1.9045851375407156e-05,0.7594131249375351,0,4.341520357744256,0,Low
0.002171662509392864,0.7571394455160135,0,4.482758277946032,0,Low
0.0020770419777564855,0.7492547390544345,0,4.654160033598014,0,Low
1.9995526111264272e-05,0.7661901916981182,0,4.771824796526533,0,Low
0.00045005406710635294,0.7400496047721045,0,4.40512706099897,0,Low
0.0017878428143960686,0.7314697095238628,0,5.033168029225713,0,Low
2.426167474265122e-05,0.6704564619018496,1,4.887771754132223,0,Low
2.8061052689807974e-06,0.722885675811861,0,5.16609793178024,0,Low
2.426167474265122e-05,0.7028737011152245,0,4.90407180206753,0,Low
5.434256077610381e-10,0.6860595574246957,0,5.301629543326337,0,Low
0.9903722395976247,0.6806200067064468,0,4.658118218011832,0,Low
9.742882013292351e-06,0.7227840755631565,0,4.883117140130184,0,Low
3.493681164521696e-05,0.6518539778624134,0,5.147527054383889,0,Low
2.4247821326352666e-05,0.670371880026767,1,4.882580808937659,0,Low
0.0006987362335865775,0.6250779311469301,0,4.964805577566835,0,Low
0.0026551976877295345,0.6154382872239355,0,4.302348745493932,0,Low
0.06660581838628853,0.732539498376545,0,4.602475122131589,0,Low
0.0002574163693645984,0.6204931263010263,0,4.412751638983826,0,Low
0.0003496107335231207,0.5991498890302234,0,4.544006653886578,0,Low
1.4739422217920348e-06,0.5928189430550295,0,4.901647465909755,0,Low
0.0010279671603316163,0.6461199065898495,0,4.693336733359692,0,Low
0.007171023214262629,0.5585205775401508,0,4.67682710598805,0,Low
0.00014484219839208695,0.8599937580518594,0,4.520304069549943,1,Medium
0.0004621849044956322,0.6006409302248833,0,4.592766918215604,0,Low
1.7735502582291992e-05,0.602744941248044,0,5.087298581261813,0,Low
4.5361810357650255e-06,0.5792714954693827,0,4.45609317788321,0,Low
0.00021956815671004716,0.5733770340893377,0,4.970266290843607,0,Low
4.85252901320265e-06,0.6004214970468875,0,5.054559864151509,0,Low
0.0012242441092901546,0.5479938697879908,0,4.622250245538245,0,Low
5.895586967598988e-05,0.5311082211219523,0,5.25046290430053,0,Low
0.0006533669017506731,0.5395881160673198,0,5.034592538772294,0,Low
0.003943735235218777,0.5384542857755628,0,3.7302261840391076,0,Low
7.47259582820529e-05,0.5066985706141599,0,5.016819049810605,0,Low
0.000394494831863454,0.5543519762569609,0,5.3708572732428825,0,Low
0.00459370550253636,0.5397894360313367,0,5.721988094808643,0,Low
0.0013030945523204698,1.467191240930464,0,4.626625093866141,1,Medium
1.1608739132893012e-06,0.5264225436653995,0,4.894364103990204,0,Low
2.959924319393409e-05,0.48657828992606855,0,5.8906634370159505,0,Low
0.00041899912338979803,0.5230443933977877,0,5.359655819232062,0,Low
0.00022781712613475705,0.5519250867688122,0,5.035432760253699,0,Low
2.6687842220507075e-05,0.5670470491249681,0,5.175559560082453,0,Low
2.4222661969607296e-05,0.5968788907619664,1,4.897720594391729,2,High
0.000694369132126437,0.4719093609510255,0,3.6953759841190807,0,Low
6.841792283962768e-05,0.5332096516312155,0,5.177068419653006,0,Low
2.420529061046585e-05,0.5620717765798113,0,4.902857469422755,0,Low
1.0694934393277765e-05,0.498020135591131,0,3.324052452634894,0,Low
7.399810803869613e-05,0.5272679636173814,0,4.963756028857382,0,Low
5.466884517097034e-07,2.544790956065558,0,4.888959100058076,1,Medium
0.0005269635761543833,0.5470177087092751,0,5.0196186756668055,0,Low
0.00017541190861307068,0.4733308738453955,0,1.868501421063865,0,Low
4.9979050007923235e-05,0.4609009012546294,0,4.725865010159781,0,Low
8.265514722348477e-08,0.5976117183251469,0,8.385649243282364,2,High
1.728246432915197e-05,0.5257215582103809,0,4.868716901721361,0,Low
5.312285000923347e-07,1.965512221084692,0,4.890150701664695,1,Medium
0.00013174089401166535,0.49942009168226864,0,5.595749206149124,0,Low
3.942085405462463e-06,0.5345732744014289,0,4.434525273350679,2,High
0.0033345245815291726,0.45414874076527273,0,4.777370910632805,0,Low
0.0036135338414825953,0.450139124800701,0,4.744498254460165,0,Low
0.048100711182438596,0.4745713325156728,0,4.408461960004789,0,Low
0.0009304352277218112,0.5332657822031291,0,5.935997076648983,2,High
5.526348506827556e-06,0.4282129135624413,0,4.9197206443947765,0,Low
4.387772407051862e-11,0.46791355468931095,0,5.029647476540271,0,Low
0.0007889896637628153,0.4790074294493802,0,5.4308575045913585,0,Low
0.9999999999999999,0.6991057668918071,0,4.622113429507594,1,Medium
0.00013513752848066357,0.4506302812888194,0,5.654980679377038,0,Low
0.0027313793465342084,0.48727212891244204,0,4.801009929550583,0,Low
3.0920291062461094e-06,0.455773741885328,0,5.129141985552566,0,Low
1.923914902661017e-09,0.4737267675684775,0,3.856964718987078,0,Low
0.0018708177421387386,0.43776292580447096,0,5.180080115899474,0,Low
0.0004883875132564754,0.4303210675613399,0,5.262431177939,0,Low
2.426167474265122e-05,0.43600753140283177,1,4.888959100058076,0,Low
0.00021786983947554806,0.4667885821678422,0,5.190842197723065,0,Low
0.0004466574326373547,0.5051792741117735,0,4.786714496730271,2,High
7.715212575990875e-05,0.525525594025582,0,4.365664720962685,2,High
3.056971018507643e-05,0.4499419611442615,0,3.830680951674987,0,Low
1.0740758308350258e-06,0.5477861087096942,0,280.9586633544682,1,Medium
3.396634465407462e-05,0.4215795632823943,0,4.8673943236356285,0,Low
1.9957774945308836e-05,0.39426756439692506,0,3.6601144678892603,0,Low
5.313306772913583e-05,0.5036492092434381,0,4.359225687450941,2,High
6.074186019598313e-07,0.48242705006585834,0,4.916706290689816,2,High
2.956503390933081e-06,0.6246024907549912,0,5.384272981596576,1,Medium
0.0030773508288764527,0.41785550330714205,0,4.861855381900299,0,Low
6.113942040606013e-05,0.41812445322330505,0,5.985452044333954,0,Low
0.00015115023383451218,0.41102325825487274,0,4.697319933654346,0,Low
4.809658633868937e-06,0.395507116285505,0,4.896333912685926,0,Low
0.0023689099253425445,0.37715283098111135,0,4.67657379439789,0,Low
0.0004347692119958611,0.4727055953568905,0,4.755745308762222,2,High
2.4238019609742128e-05,0.4017953174357697,0,4.906513548018288,0,Low
2.7173075716078242e-05,0.4028285123547917,0,4.728891700842045,0,Low
0.00015818611952029413,0.4502829812980036,0,5.171153447647392,2,High
0.0004437460316639277,0.40495773964522924,0,4.1940507900136454,0,Low
0.00010286950102518076,0.38560165860377105,0,4.770099396084591,0,Low
0.0007487152836304081,0.48578397237202847,0,1.904638664308357,1,Medium
1.72428207525638e-05,0.3701365086403416,0,5.479128423888165,0,Low
2.3834815969132238e-06,0.40671653416995046,0,4.891323988438675,0,Low
7.521119177762406e-05,0.35844554997499506,0,8.202122845722036,0,Low
5.528968767703639e-06,0.3657957525047633,0,5.169889561949654,0,Low
4.900858301678089e-05,0.34911968218685313,0,5.111651830986589,0,Low
0.0013797614446207146,0.3851449352835552,0,5.15904073509511,0,Low
5.281379023889932e-07,0.724516863484323,0,4.890150701664695,1,Medium
0.0001118463206932474,0.38568718002477675,0,4.722217560775243,0,Low
0.003140916416796276,0.46174268863554246,0,4.819136022079484,1,Medium
4.391363131328361e-05,0.3572356936112927,0,5.726035910396771,0,Low
1.0063656617723952e-07,0.3550674464546942,0,4.851114936650085,0,Low
0.002658594322198533,0.36225095203343477,0,4.78489574004073,0,Low
1.859378763319423e-06,0.3444263164119104,0,4.086335583366016,0,Low
0.00019142461396691926,0.4278410551548897,0,5.207447428194676,1,Medium
2.426167474265122e-05,0.37505433690160045,0,4.822089210419136,2,High
0.4605559756868711,0.3385204972694609,0,5.1479989461335345,0,Low
0.0022444475337285393,0.7925889798418689,0,4.617250200648776,1,Medium
1.2285003475485354e-06,0.3670988672765111,0,4.024091148308428,2,High
3.639251213193047e-05,0.31782702168306187,0,4.434916504534217,0,Low
6.649858142473043e-06,0.3454935871181172,0,5.041548556205396,0,Low
4.014713133596814e-07,0.320775802405244,0,5.8189460577419405,0,Low
0.0001443569648965158,0.3244364005802323,0,4.7573361622004935,0,Low
0.04696526480280206,0.34187978285268933,1,5.488665061561823,0,Low
7.569642527319524e-05,0.31325489201106277,0,4.719005755872716,0,Low
0.9839375582128554,0.354583112089556,0,4.739805614909516,2,High
0.0005779130931893562,0.35703602769300274,0,4.8554246969445405,2,High
1.7512516360254474e-06,0.33028911579825787,0,5.6604954248827575,0,Low
5.555923520699169e-05,0.33787232595718064,0,4.625965728200434,0,Low
1.6960972876661288e-05,0.41740828771588934,0,5.399660718999792,1,Medium
0.002150312235587732,0.3432132390035747,0,4.638672113370726,2,High
9.971548330396815e-05,0.30998785362590126,0,4.376042840961081,0,Low
9.949259259529192e-07,0.3274110416777565,0,4.733676290584715,0,Low
2.4950403556568324e-08,0.44057116970297483,0,5.500177884478562,1,Medium
5.895586967598988e-05,0.33343127277385554,0,5.458334971461597,0,Low
2.426167474265122e-05,0.34986873010744596,0,4.864000403959603,2,High
0.007250116274040729,0.378442890203333,0,5.106853969790274,1,Medium
1.8283622338889184e-05,0.3184272317764412,0,3.481508930145212,0,Low
1.25685569471248e-06,0.33121116365781406,0,5.152681531383321,0,Low
5.475558793680612e-07,0.31379492232174444,0,4.843226467128726,0,Low
0.0007215422078784225,0.3401268557884435,0,4.825385635664865,2,High
7.666689226433757e-05,0.31804314294201264,0,4.8590297735995165,0,Low
0.0001877853627501355,0.30489238429609233,0,5.174788427213902,0,Low
0.0007829242450681756,0.34289890104578663,0,5.58657436750354,2,High
1.5236255705436644e-06,0.3579006698595929,0,6.54166222163158,1,Medium
2.9643156502117772e-06,0.3573169170469479,0,5.328854622407091,1,Medium
5.17147298984158e-06,0.34612676152147503,0,5.269862354951064,2,High
0.0007285780935642045,0.39623481258820753,0,4.098720041267655,1,Medium
0.04731317721912659,0.34757046281815973,0,5.292322831541194,2,High
5.774278593706195e-05,0.3002780492943236,0,5.5348932034553435,0,Low
1.3699281842781442e-05,0.4009552936114746,0,4.777847396740427,1,Medium
0.0009396546641376633,0.3024299392950406,0,5.1136461148363574,0,Low
1.1950233446320383e-05,0.28924811314495347,0,4.539878761859406,0,Low
2.426167474265122e-05,0.34487835287543367,0,4.961279498322792,2,High
1.1290073275595805e-05,0.31158429229436946,0,5.965385624346344,2,High
4.368993834865979e-06,0.3438245134459719,0,5.465850313424912,2,High
3.348111119441073e-14,0.3150954857691834,0,5.4285281974441935,2,High
1.783934255034422e-05,0.31924029550399613,0,4.910949834813347,2,High
2.1545084184373007e-07,0.31027186211794766,0,5.093198386344931,2,High
0.0035514239540494854,0.28640834379514707,0,5.41432042445768,0,Low
1.2124213916157424e-05,0.28914581797169325,0,5.212430648657193,0,Low
1.2368383411128837e-05,0.2879151791076551,0,4.908780493103579,0,Low
3.684183838473666e-11,0.271991977298081,0,5.381255872247251,0,Low
3.0654625723635875e-06,0.29695094249126874,0,4.343791942793373,2,High
1.039088708495287e-05,0.34570673890699416,0,5.6319946023905665,1,Medium
0.00011257417093660414,0.2585979725653187,0,5.4863415086881915,0,Low
1.7529545261004088e-11,0.2919384116259736,0,5.1754836917009825,2,High
0.0006822382947371578,0.31244949131358885,0,5.61110936726516,2,High
3.6905888847079258e-06,0.3363719002335081,0,3.313258646260829,1,Medium
5.264783423356467e-05,0.2894562361696213,0,4.299699068955954,2,High
3.809082936642957e-05,0.2478082272169576,0,4.57890308139559,0,Low
4.7310265782281796e-05,0.39411295840888455,0,4.986563571084595,1,Medium
1.0269580086211803e-06,0.25657195331840355,0,6.370614704404693,0,Low
2.426167474265122e-05,0.29804161902915965,0,4.888959100058076,1,Medium
1.1872732599709237e-06,0.24608941490282596,0,4.652835048629983,0,Low
0.000824169092191725,0.32833456596353056,0,4.26343424752868,1,Medium
9.336814362523618e-06,0.2681274381340552,0,5.340686424386735,2,High
1.0174691301001135e-05,0.28566166664693976,0,6.023779625389986,2,High
8.221189771181162e-06,0.24644950447810246,0,5.090460673444326,0,Low
1.4794259748887344e-05,0.2928786742351336,0,5.709261393720206,1,Medium
0.012614129950832227,0.2640429181986332,0,4.888693046486802,2,High
3.4694194897431375e-05,0.2576198806190188,0,4.374628865372461,2,High
0.00034087653060283965,0.2421084862846457,0,5.0702732555210765,0,Low
2.1086476579356936e-05,0.25736939702473854,0,5.099979994215435,2,High
7.229979080419705e-05,0.2733671754503759,0,2.8776866952253757,2,High
1.295879126686506e-05,0.20109941101280895,0,1.4741185879508643,0,Low
8.607800856291858e-08,0.2428649931024601,0,5.5445231748907124,0,Low
2.560780837741165e-07,0.2656121402809753,0,5.180816528368816,2,High
7.424072478648172e-05,0.235853536093093,0,4.933028900003818,0,Low
9.631884883496996e-05,0.19574280490627644,0,4.953323742200505,0,Low
2.4239912020374853e-05,0.2334052965810999,0,4.897720594391729,0,Low
2.7900925959434993e-05,0.2550876800939377,0,5.4320119658726345,2,High
1.470556189674915e-06,0.21689532356657823,0,4.991399007505209,0,Low
3.129756042843319e-05,0.2299868420909365,0,4.406034904085061,0,Low
0.00010092856704289607,0.24834028552257956,0,5.777446561410147,2,High
1.1887069473548772e-07,0.27097035379205664,0,5.1969864096982095,1,Medium
2.862877620279175e-05,0.24388082607673822,0,5.497899492809838,2,High
9.75064574922149e-06,0.2795295410532938,0,6.253064329049292,1,Medium
4.771817376551311e-07,0.24064175994548404,0,4.545767547928358,2,High
9.441212349095756e-06,0.2629181534170121,0,4.747193360574749,2,High
1.1362445851460246e-05,0.24327812138023763,0,5.367265310071359,2,High
4.9251199764566474e-05,0.24941702400669288,0,4.77304840895295,2,High
0.0006143056053571939,0.25261361765621937,0,5.5049240044027545,2,High
5.337568447692143e-05,0.21305733506802585,0,4.534746242414653,0,Low
8.006352673333576e-05,0.26220249294058123,0,2.878463368284483,1,Medium
1.9355430345581565e-05,0.23445899825194255,0,5.316813683115586,2,High
1.2240500159278335e-11,0.4665885100253277,0,5.052235713710362,1,Medium
4.5126715052211535e-05,0.25951889097171477,0,5.1465702257227965,1,Medium
8.006352673333576e-05,0.25518847378727966,0,4.897291645616773,1,Medium
3.2538363651936394e-08,0.22742150536638048,0,4.416883022203257,2,High
3.493681164521696e-05,0.2631024758064277,0,3.2723971813570407,1,Medium
2.4239596618602734e-05,0.22909173363910704,0,4.917943184713286,2,High
1.5383846751617047e-06,0.22545911257824447,0,5.468507916392414,2,High
4.649191916883551e-06,0.41667152727620776,0,4.813395590010811,1,Medium
3.2510644167361114e-05,0.20014895600647162,0,4.996513184022902,0,Low
6.865694889545333e-10,0.23014641542694303,0,5.577946615702048,2,High
0.00012979996002938067,0.3381411604305997,0,5.258447439891903,1,Medium
0.00012931472653380952,0.21660284900986346,0,4.887877452881757,2,High
2.530468381821594e-06,0.2127621919837251,0,3.901302069033056,0,Low
6.461672983193928e-09,0.19209610500095195,0,5.124196115492386,0,Low
1.3540998676526127e-05,0.2265895773576168,0,5.608767630223389,2,High
9.340744786154294e-05,0.22214005204566464,0,5.062644210201187,2,High
4.9493816512352063e-05,0.20248973111955512,0,4.251343769675527,0,Low
4.900858301678089e-05,0.2259334785440014,0,2.85586012728119,2,High
1.7499266654973167e-05,0.19919557823065376,0,3.8104179335750543,0,Low
4.536933179999712e-05,0.2001792109490805,0,4.794813521084985,0,Low
3.2510644167361114e-05,0.19699833292004185,0,4.609850822482973,0,Low
4.148746383542775e-05,0.18904909052956292,0,3.6837274978409953,0,Low
6.769007259627092e-05,0.2122341498826897,0,4.964918376618619,2,High
1.317874761040747e-05,0.21970034579090614,0,4.720520204970288,2,High
5.409994402831823e-10,0.222281700865275,0,5.990716071037649,2,High
1.0955723782773975e-06,0.21028583383642066,0,6.354676681883262,2,High
2.765830921164941e-05,0.223597984113873,0,4.805619822601879,1,Medium
0.00213284382974717,0.21804779967820376,0,4.654879292912652,2,High
0.00011402987142331766,0.19295841437075964,0,5.896950933078539,0,Low
8.176184396783486e-05,0.24516804430318323,0,4.626289456221468,1,Medium
1.1859324950925124e-05,0.2261201381538248,0,4.972556712582647,1,Medium
6.089680365827455e-05,0.1892204027859898,0,5.0004211125565545,0,Low
1.4836582461672545e-06,0.2392844175153286,0,4.565947841320915,1,Medium
2.6687842220507075e-05,0.19166471121502107,0,4.846485317695236,0,Low
7.954214301917905e-06,0.19214920656232554,0,4.739300937376361,0,Low
5.704677966299283e-08,0.1931699127016133,0,4.947901873494912,2,High
0.0015806481117871792,0.19874356159128584,0,5.569611302178601,2,High
1.3767318048963951e-06,0.20110933544505757,0,5.2638748771070025,2,High
1.2224924128163223e-05,0.1822968749470238,0,5.139856070634991,0,Low
9.73360111429055e-07,0.1974062135329218,0,4.861586998769767,2,High
9.219436412261501e-05,0.26881056856960217,0,4.678790340281115,1,Medium
9.204394141582245e-06,0.17408311487833883,0,4.955493242984967,0,Low
5.895586967598988e-05,0.18554869928222023,0,5.522389578069116,2,High
1.9874169214021924e-05,0.20231319993849012,0,6.381702223066697,2,High
4.889091357093938e-06,0.18596678910182646,0,5.179251734849878,2,High
2.419303846470268e-05,0.2046721795875988,0,4.882580808937659,1,Medium
8.993538029083762e-07,0.17529060660781545,0,5.129686401845968,0,Low
1.7515663584706749e-06,0.17753452353151183,0,4.841970955904466,0,Low
0.00021180442078090841,0.17415893504797453,0,5.629256427959189,0,Low
0.00011912482312681495,0.20594916843325214,0,4.484483056630318,1,Medium
2.504532651483315e-06,0.18925292629425805,0,4.675039792417147,2,High
1.0532356910586645e-05,0.15808221733630948,0,2.086738380435772,0,Low
7.162472235546182e-08,0.1819483149370346,0,6.0103010576293405,2,High
1.1388017656676846e-05,0.1759075443736863,0,4.658435585766631,0,Low
3.96608424575441e-07,0.19382429291580605,0,5.2599211682973985,2,High
0.027322042435089962,0.19196399242670042,0,4.675805491210127,2,High
1.977879657046741e-05,0.17680648042166464,0,5.176319476578269,2,High
0.0003166148558242812,0.2094381125801472,0,5.012682311035685,1,Medium
5.313306772913583e-05,0.19152043752235737,0,5.20632183277388,2,High
2.9356626446148507e-05,0.18600581013901338,0,4.303131870577836,2,High
5.430563414801806e-06,0.17994095643044908,0,4.6817771858313195,2,High
1.8265450380387323e-10,0.18293558525132855,0,5.224217961590586,2,High
4.680998972518242e-06,0.18009514227656057,0,5.142931573341763,2,High
1.795570154258219e-05,0.18417446099342696,0,5.111651830986589,2,High
9.825978281725463e-05,0.1583094304554742,0,5.205482288930327,0,Low
7.448334153426731e-05,0.1465661179398671,0,5.041548556205396,0,Low
0.9861878285485667,0.34257753564561855,0,4.632554631095873,1,Medium
1.4791057207816576e-05,0.24967303622812279,0,4.614386982436126,1,Medium
4.5126715052211535e-05,0.21167680975599076,0,4.770891609596497,1,Medium
3.349657684752167e-07,0.15079529697749852,0,4.780280747917908,0,Low
0.00010747921923310687,0.17459271764743295,0,4.829514737026453,2,High
2.819958685279354e-06,0.17299706960230235,0,5.67544919631921,2,High
0.004775425446627762,0.18724123996623263,0,5.86715322634064,1,Medium
1.787503147394348e-05,0.17430143720542698,0,4.868085749126684,2,High
1.97194039906095e-05,0.16876547604732958,0,4.865531325763458,2,High
6.50833979348971e-06,0.16050388866741566,0,5.025846759995156,2,High
2.862877620279175e-05,0.1763694094992973,0,2.8648064868493113,1,Medium
0.00011208893744103299,0.15107535920854506,0,4.827432476057183,0,Low
3.2510644167361114e-05,0.17172448079743263,0,4.113408232701917,1,Medium
1.4706602317912412e-05,0.15437168620451538,0,4.783809142620329,2,High
1.5186192224764582e-06,0.20670504813029184,0,5.74365555018314,1,Medium
0.0002042833015995553,0.1754176152335576,0,4.057513669934048,1,Medium
0.0005526809514196554,0.16432852031956638,0,5.825025712457959,2,High
5.298846782429012e-06,0.14854204442796629,0,4.006595024602611,2,High
0.00022296479117904532,0.17495799312109764,0,8.087232778354577,1,Medium
7.909305974219342e-05,0.1805195277860339,0,4.29000523261156,1,Medium
0.00036198418766018555,0.1861671922687981,0,4.538243820564119,1,Medium
6.065418694639624e-14,0.18707761890618857,0,4.488003567468741,1,Medium
9.841740493730287e-07,0.1526546997026842,0,5.182962076642588,2,High
0.0006824809114849434,0.1580044465812497,0,5.094537805294642,2,High
1.3313315510707518e-08,0.20909024201984064,0,4.775956041307135,1,Medium
0.0011851828128966754,0.1422048718959872,0,5.288510186310516,0,Low
0.9852508426686187,0.17089849304354893,0,4.638121591426177,1,Medium
7.560568628635793e-06,0.14301704468606138,0,4.647863236519775,2,High
2.143933837733629e-05,0.14913662043412157,0,6.2397798113150085,2,High
0.0018266614940417624,0.20158602211826315,0,5.061765038977506,1,Medium
3.6193323458832996e-06,0.16315670398806623,0,4.930479842254108,1,Medium
1.4532625571757215e-07,0.1638608085501216,0,4.493501927315383,1,Medium
0.00016619247219721843,0.16162473263634075,0,5.299040469437537,1,Medium
5.10179345987756e-06,0.1545904726171562,0,5.071997502150209,1,Medium
2.0514513746301743e-07,0.13257538129376062,0,4.787678381916704,0,Low
1.5924926578592507e-05,0.1593465333051003,0,4.972556712582647,1,Medium
3.61023421784134e-06,0.16833554407743245,0,5.216479017748278,1,Medium
2.4593088896960818e-06,0.18381996085378124,0,2.789205866964614,1,Medium
0.0004272480928145079,0.16403293456886223,0,4.791624358650948,1,Medium
3.178279392400436e-05,0.12811766633425742,0,5.150006359513375,0,Low
5.4103534756185446e-14,0.15808621702695902,0,4.7538164073223825,1,Medium
0.0018283598112762613,0.13785137339523929,0,5.0157633552967775,2,High
0.1711275394997964,0.19000258459521535,0,6.585347887681898,1,Medium
2.6687842220507075e-05,0.12472322976161136,0,3.295975101577986,0,Low
2.4102227016006536e-05,0.15956442462374004,0,4.866290047043897,1,Medium
2.2143772549711147e-07,0.14198736044210253,0,5.5631109094046085,2,High
1.455700486713508e-15,0.1379375524600686,0,4.4337108351572825,2,High
8.782726266247449e-05,0.12746542504193548,0,4.891690592281856,0,Low
8.661417892354656e-05,0.14794374224837456,0,5.307683362825764,1,Medium
2.523214173379356e-05,0.12466664591869685,0,4.376681314032102,0,Low
7.873378125237591e-08,0.13739843099914115,0,4.3738880670172,2,High
2.3510217889734928e-05,0.1550777505980332,0,4.994748014124248,1,Medium
9.71750430147398e-06,0.1439767035148065,0,5.3618566045076905,1,Medium
5.070690025127998e-05,0.12382043253373796,0,5.077336352483038,0,Low
7.734209435025936e-06,0.12863082964221823,0,5.121405723130918,2,High
2.644522547272149e-05,0.14546419462354523,0,4.7218040241942525,1,Medium
9.292221436597177e-05,0.17220213870091844,0,5.631992464341267,1,Medium
3.493322095325701e-10,0.12580743693856938,0,5.093198386344931,2,High
1.4581036541236755e-08,82199.12497957727,0,6.1984575444173915,1,Medium
2.6687842220507075e-05,0.1224231871907015,0,4.898668248225322,2,High
5.7693049180600405e-06,0.12216154874505551,0,4.372927505615272,2,High
9.401204847385911e-06,0.11810621286329913,0,5.7189059282971515,2,High
2.024338338080203e-05,0.1314963373857634,0,5.283982498501153,1,Medium
2.6687842220507075e-05,0.12630155037173038,0,4.829539717879813,2,High
6.744745584848534e-05,0.12225409946503128,0,6.982377918499559,2,High
0.008749487775355645,0.11286754195929381,0,5.002894277564039,0,Low
3.7362979123072814e-05,0.09950342566575715,0,3.0852821941320183,0,Low
7.408957422944581e-06,0.15921304451732268,0,5.620638845354172,1,Medium
2.4504291490436807e-05,0.1537914944360467,0,4.855345678526065,1,Medium
3.809082940233684e-14,0.15303229085845005,0,5.237102713609378,1,Medium
7.155253089785195e-06,0.2315128813247427,0,4.595267010573071,1,Medium
0.00019312293120141838,0.13002508925656742,0,4.821111277781108,1,Medium
2.6202608724935903e-05,0.15717445007020184,0,4.7827310219893455,1,Medium
1.8659377615257574e-06,0.10392008175021876,0,4.265963415830077,0,Low
4.04095173018509e-06,0.13764570688040526,0,4.947663179157665,1,Medium
4.391363131328361e-05,0.11424544091261563,0,4.691114307855831,2,High
7.891861797737008e-06,0.10438296612170375,0,4.8738430199573415,0,Low
6.697780207180386e-07,0.11490168941203815,0,6.331012458370121,2,High
3.3946601800654197e-07,0.12121682522228988,0,5.029647476540271,1,Medium
0.00033117186069141625,0.11503743544263376,0,5.16766025676525,2,High
6.186727064941688e-05,0.10124015020954175,0,5.092309592542135,0,Low
2.259424262014523e-05,0.11425722989504014,0,5.217881284768832,1,Medium
2.083247811415047e-06,0.10486068287012601,0,5.326974991066013,2,High
7.655140636922615e-06,0.10806285872566466,0,4.8870273371106085,2,High
6.7761401596954385e-06,0.10646613191870431,0,5.106737637339148,2,High
4.6688923968037405e-06,0.1045443480738007,0,4.916686520529695,2,High
3.6428661704185014e-06,0.11906433064146488,0,5.068800751417324,1,Medium
0.00027779617617858753,0.09754705968800421,0,4.96766294815346,0,Low
4.124484708764217e-05,0.11223262962177079,0,4.781484865642794,1,Medium
3.978914660092866e-05,0.1008833374570437,0,4.999835270716891,2,High
2.8142500752719473e-07,0.09373565223449054,0,4.815946340985112,0,Low
0.000263481788059238,0.1172552479792298,0,6.69557638708892,1,Medium
3.066869749500744e-06,0.15398773223824255,0,5.8036283434104945,1,Medium
2.3423647058624566e-06,0.08916135725596479,0,5.204028778232126,0,Low
0.0009207305578103879,0.09693818510889352,0,5.290016271901107,2,High
4.7310265782281796e-05,0.08916470138074667,0,4.8043423457337004,0,Low
3.5052539510745174e-06,0.09695542931990413,0,4.603446533727757,2,High
0.053288099866842194,0.10792355613669663,0,5.087641542354496,1,Medium
7.431181117041739e-06,0.1105113330975414,0,4.8790592287396635,1,Medium
0.3145567379886874,0.09403454268360284,0,1.929351732735754,2,High
2.652593323138673e-07,0.10949518158008875,0,4.957600705833952,1,Medium
0.000173470974630786,0.10365304047282313,0,1.8432099126381938,1,Medium
4.371128862246492e-06,0.09286547903036182,0,4.298109786332147,2,High
2.6687842220507075e-05,0.09854070501489688,0,4.817885030925499,2,High
0.0664883918803603,0.14893115332763537,0,4.595122986123608,1,Medium
0.0006157613058439074,0.09850051749907675,0,3.719737910356885,1,Medium
0.0003112772873729983,0.09493430361842009,0,5.813866861189709,2,High
5.759624509823395e-06,0.08875917801456212,0,4.9324194458989075,2,High
0.07085549334050084,0.08935750178788199,0,14.753160199510592,2,High
0.03531844782535506,0.10093442181166616,0,5.86619016824315,1,Medium
2.7415692463863825e-05,0.14028386357948283,0,5.597227078758914,1,Medium
2.6202608724935903e-05,0.09499618108926511,0,6.13824484285066,1,Medium
0.0011623768386048304,0.08718775342991274,0,5.655121920275343,2,High
0.002308255738396148,0.08761876671348376,0,5.8921230183241375,2,High
9.503273713179308e-06,0.07837442717513658,0,5.374623836194942,0,Low
3.2510644167361114e-05,0.08750836634159331,0,5.396469483503479,2,High
0.0003731445580583225,0.08500820930373909,0,5.902986867505854,2,High
8.032081823954179e-07,0.09094137221138493,0,4.275993438828211,2,High
5.128379807784639e-07,0.08880505702945986,0,4.693337324657441,2,High
7.593904202098082e-05,0.08196812815811173,0,5.207174417033163,2,High
0.0017783807612324306,0.10727328506197249,0,5.135059250000696,1,Medium
1.10174869708745e-06,0.08666943332852146,0,5.541882234322632,2,High
1.1635826402865042e-05,0.08774793565073126,0,5.0209832938113985,2,High
4.391363131328361e-05,0.09082389564786049,0,4.6259393533286435,1,Medium
2.663550623318913e-07,0.08387211264978138,0,5.385378305963477,2,High
5.661825698791026e-06,0.08259114619844835,0,4.8679487740449945,2,High
2.0932657561260873e-05,0.10948991181592573,0,5.14422891407126,1,Medium
0.0001472683658699428,0.06732248043729629,0,5.340776979703919,0,Low
1.3305806001222782e-05,0.07610476303199613,0,5.18643011957545,2,High
3.79273457946161e-07,0.08213960106267841,0,5.109549524306289,1,Medium
0.00021665675573662011,0.09229808452571397,0,4.246873504781626,1,Medium
2.8386159455006164e-05,0.07690578431077674,0,4.8961639294156285,2,High
1.299308288006506e-06,0.08526954836327862,0,4.490033738755292,1,Medium
3.99650434199077e-06,0.07390327937450696,0,4.8012832725618155,2,High
0.00020670946907741113,0.07383190341946701,0,5.042544020108367,2,High
4.318578106992685e-05,0.08980150456355285,0,5.735485343141627,1,Medium
0.00010505305175525102,0.07763791070986802,0,7.224396292171224,2,High
0.000147753599365514,0.10062035593356468,0,4.79261663135168,1,Medium
0.00021253227102426515,0.0586470181287375,0,1.2898508848056125,0,Low
0.0005504974006895851,0.07956149584452483,0,4.248459232484586,1,Medium
5.151168313670644e-07,0.0545645557024727,0,2.581507782229323,0,Low
7.13293238130547e-05,0.0993018488474813,0,4.625549568215791,1,Medium
7.803282423120492e-06,0.0920019156039544,0,4.970743188230147,1,Medium
3.687774562750164e-05,0.06466643022057174,0,5.1745912165045205,2,High
2.8386159455006164e-05,0.06703631457982694,0,6.311481833960016,2,High
1.1791731924992058e-05,0.07164763245376952,0,5.122559482014401,1,Medium
1.2512982992809045e-05,0.07457848829478535,0,5.229341919669471,1,Medium
3.3694180910090597e-07,0.06373204533970082,0,5.0157633552967775,2,High
2.4161643857539226e-05,0.06195382909208625,0,4.915338130680562,2,High
0.06629429848213184,0.06314160121137853,0,4.610470097564123,2,High
0.0003178279395632091,0.06626983389787068,0,4.794422722254986,1,Medium
0.0003258342922401334,0.05803412879534413,0,5.180816528368816,2,High
5.091526809029504e-07,0.04998147210435967,0,5.229715229651901,0,Low
0.0008848232791381212,0.06935792120255524,0,3.427646283488812,1,Medium
0.00011694127239674469,0.05867399725075509,0,6.226467320931911,1,Medium
2.7173075716078242e-05,0.054169277978987705,0,4.218685107808154,2,High
1.148792723341495e-05,0.05450904573072062,0,5.1890317228222065,2,High
3.4649795709421104e-06,0.05059718710594398,0,5.037509725512369,0,Low
0.0024613469062488525,0.0560961417741631,0,4.318433107201266,2,High
2.1850400378288817e-07,0.054585229814553514,0,4.930429482981051,2,High
7.51097776538842e-06,0.0671525710883458,0,3.343610483024475,1,Medium
1.2341092750684804e-07,0.06724636738912755,0,5.246815655155798,1,Medium
0.002623657510517409,0.05817272446531218,0,5.0657666925443845,1,Medium
4.311008432145225e-06,0.05421761829536162,0,4.9507098434809755,1,Medium
8.460167267749963e-06,0.05161232097781377,0,7.50327084395645,1,Medium
5.3869409235499585e-06,0.0524181258954021,0,5.0422288898581735,1,Medium
3.906129635757191e-05,0.04483437913044281,0,6.21230976574197,2,High
2.6687842220507075e-05,0.03808405426894929,0,5.376592982306551,0,Low
9.170913062704384e-05,0.04890577021066265,0,5.3430429250293265,1,Medium
1.8677583413943418e-05,0.0354955042853083,0,5.54098565820642,0,Low
8.924293106263788e-06,0.03904611589763458,0,4.893574507587397,2,High
0.0004539359350709223,0.04752486017914348,0,1.6849376901472077,1,Medium
0.002866759491798565,0.049413138776449754,0,7.00914490930383,1,Medium
2.4242459496226603e-05,0.04525501863790212,0,4.919184504076982,1,Medium
2.862877620279175e-05,0.038561372254499,0,4.845595136476599,2,High
8.394539469790512e-05,0.043508127849818716,0,3.3763544356355695,1,Medium
0.049779861693862636,0.034291175747322426,0,4.670653475465548,2,High
0.05501698681156227,0.046833965581931716,0,4.828447315596614,1,Medium
0.0001375636959585194,0.03225030320311061,0,5.392665190604223,2,High
8.678303985683983e-06,0.03353702185202472,0,4.110491892011131,2,High
7.417982765962204e-06,0.03165594122717954,0,5.112441578693253,2,High
1.778434133362123e-05,0.028847165087118366,0,5.444805643313591,2,High
0.0013084321207717526,0.029095702027795885,0,4.657592844168575,2,High
2.2030692438388875e-05,0.03103904372820596,0,5.392953572684074,1,Medium
7.479000878030279e-06,0.029594891150026573,0,6.238344516051943,2,High
5.2536472823165576e-06,0.028222975551781323,0,6.558295673768488,2,High
4.237282459512876e-07,0.04202608674549323,0,5.542309179492915,1,Medium
2.911400969836292e-05,0.030541320066117306,0,5.337599460269877,1,Medium
1.2037716597921645e-06,0.02606865561895323,0,5.187228015986466,2,High
0.00014314388115758788,0.032253864167802807,0,4.406292782388748,1,Medium
7.351287454312497e-05,0.028620201632120475,0,4.856470991569573,1,Medium
1.3685894412706622e-06,0.03612699315019779,0,7.2017243464065555,1,Medium
3.178279392400436e-05,0.027679496199921765,0,6.94839004878625,1,Medium
0.00019457863168813186,0.02748018273866712,0,4.976639496769612,1,Medium
2.4245443682224365e-05,0.029067040654523296,0,4.9128603798457995,1,Medium
4.3176803927093285e-06,0.11087026972346739,0,4.366446585524301,1,Medium
6.6279983734975605e-06,0.023387041242261344,0,4.942003368726533,1,Medium
2.041428811757863e-06,0.022575345325195506,0,5.203123289213137,1,Medium
3.7914931901119508e-06,0.024819114932555654,0,5.556894506115174,1,Medium
9.971189261200822e-10,0.021288506835466903,0,5.6831994253233225,1,Medium
8.652560569877936e-07,0.021657081824193763,0,5.213755207539308,1,Medium
3.489201861258768e-07,0.019307816617225877,0,10.512069144407633,1,Medium
0.0037695364103087266,0.021794334610631856,0,4.748553057888705,1,Medium
2.426167474265122e-05,0.016484447119912562,0,5.0157633552967775,2,High
8.321754445454837e-05,0.020231837416266663,0,5.542366421864945,1,Medium
0.00017759545934314093,0.017099880411783203,0,5.149912697984991,2,High
1.6175185753933336e-05,0.016816875744095006,0,5.09574279868081,1,Medium
0.0006465736328126767,0.013176907484302232,0,5.02678566184499,2,High
1.833240415971332e-07,0.010760808238816309,0,4.099360749788874,0,Low
8.122698694018599e-07,0.012114822021598463,0,4.875010916210624,2,High
2.2104315623039387e-06,0.01166588746384139,0,4.910891668102865,2,High
5.4792808577571514e-06,0.012355220618983436,0,5.2665533821251564,1,Medium
4.3635106963660255e-06,0.012699076885971893,0,4.572215207129219,1,Medium
1.5534847371502844e-05,0.01189667488464236,0,4.106673808008493,1,Medium
3.2995877662932285e-05,0.017077504656639327,0,5.145345491632096,1,Medium
1.744263149888447e-07,0.011698869213526806,0,6.034267561011044,1,Medium
9.283183849876853e-07,0.009547749843735898,0,5.531811827651582,1,Medium
3.2268027419575525e-05,0.007642582776365504,0,4.626289456221468,2,High
0.002772381576909972,0.008606702159444507,0,7.75589108504261,1,Medium
1.351964031581956e-06,0.007147127386779113,0,5.075161622938735,2,High
4.294316432214127e-05,0.008353502040129374,0,5.432761067636784,1,Medium
0.001605152403313523,0.007379212048037479,0,4.404946754737924,1,Medium
0.16421271957115943,0.008577897488639592,0,5.088342142975459,1,Medium
1.909305618737069e-07,0.00503871221364503,0,4.715334855701919,2,High
4.145155659266277e-11,0.004295103800582685,0,6.30891205627899,2,High
1.8534821738558313e-07,0.0028391588187857094,0,4.724509954274179,2,High
1.6623054006246038e-06,0.002707827808938687,0,5.16095947813145,2,High
3.7362979123072814e-05,0.0015193814727808461,0,4.604797730211369,2,High
2.3066363201639362e-08,0.0017605947091525686,0,5.222533254266154,1,Medium
1.1114928245369391e-05,0.0011900900042288286,0,4.8572425889557085,2,High
7.90297364478559e-06,0.0,0,4.2569024955403165,1,Medium
