coin,symbol,price,1h,24h,7d,24h_volume,mkt_cap,date,liquidity_level
Bitcoin,BTC,40851.38,0.001,0.0,-0.027,20476118020.0,776077000000.0,3/17/2022,High
Ethereum,ETH,2824.42,0.004,0.029,0.034,13640408875.0,339077000000.0,3/17/2022,High
Tether,USDT,1.0,0.0,0.0,0.0,44131404071.0,80205879149.0,3/17/2022,High
BNB,BNB,389.61,0.002,0.016,-0.01,1425353937.0,65561157431.0,3/17/2022,High
USD Coin,USDC,0.999739,-0.001,0.0,0.0,3569816487.0,52596068421.0,3/17/2022,High
XRP,XRP,0.796926,0.006,0.016,0.038,3642947060.0,38342363497.0,3/17/2022,High
Terra,LUNA,87.64,0.0,-0.02,-0.118,1555363904.0,32256574723.0,3/17/2022,High
Solana,SOL,90.62,0.016,0.058,0.028,1921988835.0,29270600684.0,3/17/2022,High
Cardano,ADA,0.838396,0.002,0.018,-0.013,784436216.0,26891734979.0,3/17/2022,High
Avalanche,AVAX,79.78,0.002,0.083,0.027,1386901493.0,21282040395.0,3/17/2022,High
Polkadot,DOT,18.88,0.001,0.02,0.056,665211395.0,20667608398.0,3/17/2022,High
Binance USD,BUSD,0.999538,-0.001,-0.002,-0.001,3713594658.0,17812484632.0,3/17/2022,High
Dogecoin,DOGE,0.11685,0.001,0.011,-0.038,364002532.0,15509604862.0,3/17/2022,High
TerraUSD,UST,1.0,0.0,-0.001,0.002,566868455.0,15173316373.0,3/17/2022,High
Shiba Inu,SHIB,2.24e-05,-0.002,-0.002,-0.063,435900196.0,12283647613.0,3/17/2022,High
Wrapped Bitcoin,WBTC,40815.68,-0.001,0.0,-0.028,257062192.0,11140930359.0,3/17/2022,High
Cronos,CRO,0.40337,-0.001,0.004,-0.013,64923668.0,10212443722.0,3/17/2022,High
Polygon,MATIC,1.46,0.009,0.012,-0.031,584477121.0,10031137796.0,3/17/2022,High
Dai,DAI,1.0,0.0,0.001,0.0,233460109.0,9445061382.0,3/17/2022,High
Cosmos Hub,ATOM,28.48,0.005,-0.012,-0.053,504577854.0,8263048473.0,3/17/2022,High
Litecoin,LTC,110.64,-0.002,0.011,0.037,541046078.0,7733039423.0,3/17/2022,High
Lido Staked Ether,STETH,2824.49,0.005,0.03,0.035,6987747.0,7293486788.0,3/17/2022,Medium
Near,NEAR,10.9,0.003,0.026,-0.063,392643350.0,7152121268.0,3/17/2022,High
Chainlink,LINK,14.54,0.003,0.009,0.037,555565709.0,6790110728.0,3/17/2022,High
TRON,TRX,0.060963261,0.001,0.004,0.002,431830570.0,6203344202.0,3/17/2022,High
FTX Token,FTT,43.02,0.001,0.016,0.004,63018114.0,5917599044.0,3/17/2022,High
LEO Token,LEO,6.23,0.004,0.044,0.068,1071771.0,5840393387.0,3/17/2022,Low
Bitcoin Cash,BCH,297.65,0.002,0.006,-0.035,1192569491.0,5652413614.0,3/17/2022,High
OKB,OKB,19.98,0.001,0.049,0.075,170494374.0,5198998452.0,3/17/2022,High
Algorand,ALGO,0.755697,0.013,0.034,-0.017,138333415.0,5010872275.0,3/17/2022,High
Stellar,XLM,0.190708,0.003,0.021,0.009,202509305.0,4685689241.0,3/17/2022,High
Uniswap,UNI,9.22,0.002,0.02,0.003,158548328.0,4212948930.0,3/17/2022,High
Hedera,HBAR,0.206426,0.001,0.031,-0.031,50736623.0,4083726959.0,3/17/2022,High
Axie Infinity,AXS,50.9,0.006,0.01,0.044,229754416.0,3771229668.0,3/17/2022,High
Decentraland,MANA,2.45,0.002,0.01,-0.019,385577318.0,3706590158.0,3/17/2022,High
The Sandbox,SAND,3.21,0.004,0.042,0.083,1054426538.0,3671953183.0,3/17/2022,High
Internet Computer,ICP,16.83,0.003,0.034,-0.037,139063958.0,3629124742.0,3/17/2022,High
Ethereum Classic,ETC,27.11,0.004,0.006,-0.036,254873416.0,3623500485.0,3/17/2022,High
Elrond,EGLD,159.18,-0.003,-0.02,0.121,163087133.0,3510358610.0,3/17/2022,High
Monero,XMR,187.35,0.003,-0.01,-0.007,162222710.0,3388734398.0,3/17/2022,High
cETH,CETH,56.52,0.001,0.052,0.037,4709.81,3354874341.0,3/17/2022,Low
VeChain,VET,0.04867371,0.004,0.016,0.002,226027621.0,3250000117.0,3/17/2022,High
Filecoin,FIL,17.67,0.002,0.024,-0.062,194035869.0,3150729995.0,3/17/2022,High
Fantom,FTM,1.22,-0.003,0.001,-0.107,662240690.0,3103751456.0,3/17/2022,High
Klaytn,KLAY,1.1,0.004,-0.002,-0.032,40036524.0,3037372912.0,3/17/2022,High
Osmosis,OSMO,9.33,0.002,-0.007,-0.077,61428078.0,3010426563.0,3/17/2022,High
Waves,WAVES,28.78,0.003,0.007,0.008,728914468.0,2875764773.0,3/17/2022,High
Frax,FRAX,0.999541,0.001,0.0,-0.001,15926230.0,2873694989.0,3/17/2022,Medium
Theta Network,THETA,2.87,0.003,0.019,-0.065,102779208.0,2860648763.0,3/17/2022,High
Magic Internet Money,MIM,0.998598,0.001,0.001,-0.002,57656794.0,2782892167.0,3/17/2022,High
Tezos,XTZ,3.1,0.003,0.017,-0.027,74557601.0,2726280216.0,3/17/2022,High
The Graph,GRT,0.4138,0.012,-0.06,0.193,215095821.0,2557806263.0,3/17/2022,High
cUSDC,CUSDC,0.022557565,0.002,0.001,0.001,1167.72,2466484503.0,3/17/2022,Low
THORChain,RUNE,8.08,0.006,0.116,0.464,384542700.0,2430711865.0,3/17/2022,High
Helium,HNT,22.94,0.004,0.057,0.057,21484397.0,2312307759.0,3/17/2022,High
EOS,EOS,2.09,0.006,0.012,0.009,228300347.0,2061422334.0,3/17/2022,High
Flow,FLOW,5.72,0.01,0.052,-0.053,118680955.0,2031100138.0,3/17/2022,High
Aave,AAVE,147.18,0.007,0.071,0.153,406722278.0,2009385126.0,3/17/2022,High
IOTA,MIOTA,0.714113,0.0,0.003,-0.033,23553216.0,1985719860.0,3/17/2022,High
ECOMI,OMI,0.003390696,0.001,-0.007,-0.253,3682195.0,1972387319.0,3/17/2022,Medium
cDAI,CDAI,0.021937899,0.0,0.001,0.001,187.54,1928856560.0,3/17/2022,Low
Theta Fuel,TFUEL,0.164365,0.005,0.012,0.025,15319348.0,1886178774.0,3/17/2022,Medium
Maker,MKR,2079.04,0.008,0.052,0.087,96980207.0,1874509741.0,3/17/2022,High
Zcash,ZEC,152.32,0.0,0.023,0.076,357248948.0,1862253242.0,3/17/2022,High
PancakeSwap,CAKE,6.51,0.002,0.172,0.043,449533416.0,1806774957.0,3/17/2022,High
JUNO,JUNO,39.16,0.003,0.021,-0.071,8314477.0,1786829872.0,3/17/2022,Medium
Gala,GALA,0.230194,-0.001,0.01,-0.014,598834885.0,1738051630.0,3/17/2022,High
BitTorrent,BTT,1.83e-06,0.002,0.009,-0.017,72096087.0,1685671515.0,3/17/2022,High
Arweave,AR,33.62,0.016,0.034,-0.107,39217699.0,1683869236.0,3/17/2022,High
Huobi BTC,HBTC,40909.07,-0.001,-0.008,-0.027,2193840.0,1631618698.0,3/17/2022,Low
Harmony,ONE,0.13101,0.007,0.027,-0.035,66326965.0,1548715682.0,3/17/2022,High
Quant,QNT,114.66,0.005,0.018,-0.035,21373345.0,1538860559.0,3/17/2022,High
eCash,XEC,7.98e-05,-0.002,0.007,0.046,23608652.0,1517444421.0,3/17/2022,High
Bitcoin SV,BSV,78.09,0.002,0.013,-0.065,82946701.0,1484128146.0,3/17/2022,High
NEO,NEO,20.65,0.001,0.026,-0.03,131240437.0,1456710686.0,3/17/2022,High
Huobi Token,HT,9.11,0.0,0.013,-0.001,29386478.0,1418233628.0,3/17/2022,High
TrueUSD,TUSD,1.0,0.0,0.0,-0.001,96692815.0,1413028225.0,3/17/2022,High
Xido Finance,XIDO,48.68,0.047,0.577,1.357,1489749.0,1388958494.0,3/17/2022,Low
Celsius Network,CEL,3.27,0.001,0.03,0.056,3708538.0,1388056538.0,3/17/2022,Medium
KuCoin Token,KCS,18.19,-0.006,-0.011,-0.032,8987570.0,1385861365.0,3/17/2022,Medium
Enjin Coin,ENJ,1.42,0.004,0.017,0.021,113142084.0,1330338268.0,3/17/2022,High
Stacks,STX,1.26,0.004,0.001,0.119,24411447.0,1327159918.0,3/17/2022,High
Humans.ai,HEART,0.041455611,-0.006,-0.063,-0.558,898844.0,1309127902.0,3/17/2022,Low
Celo,CELO,3.01,-0.025,0.195,0.044,746494395.0,1293158139.0,3/17/2022,High
Basic Attention Token,BAT,0.851143,0.002,0.035,0.241,207580189.0,1275120629.0,3/17/2022,High
Radix,XRD,0.128757,0.02,0.053,0.074,221810.0,1262403652.0,3/17/2022,Low
NEXO,NEXO,2.21,0.006,0.014,0.02,5428058.0,1240018250.0,3/17/2022,Medium
Kusama,KSM,134.99,0.007,0.064,0.0,69995764.0,1211430260.0,3/17/2022,High
Amp,AMP,0.025125131,-0.002,0.005,-0.033,6754386.0,1207186380.0,3/17/2022,Medium
Chiliz,CHZ,0.203275,0.018,0.025,0.013,108108608.0,1083816831.0,3/17/2022,High
Kadena,KDA,6.24,0.008,0.003,-0.053,48584887.0,1069867085.0,3/17/2022,High
Dash,DASH,96.91,0.002,-0.007,-0.029,165410045.0,1029536952.0,3/17/2022,High
Frax Share,FXS,17.71,0.002,-0.01,-0.012,3134769.0,1023317870.0,3/17/2022,Low
Convex Finance,CVX,18.71,0.006,0.024,0.095,22222451.0,1013012985.0,3/17/2022,High
BitDAO,BIT,1.14,0.003,0.012,0.001,42339293.0,1011521016.0,3/17/2022,High
Pax Dollar,USDP,0.99955,-0.001,0.0,-0.001,71689116.0,995452485.0,3/17/2022,High
Synthetix Network Token,SNX,4.48,0.001,0.059,-0.06,99940204.0,960919289.0,3/17/2022,High
GateToken,GT,6.32,-0.004,-0.031,-0.05,6795778.0,959114001.0,3/17/2022,Medium
Loopring,LRC,0.715444,-0.001,0.007,-0.033,92431592.0,891618804.0,3/17/2022,High
NEM,XEM,0.097812627,0.003,-0.004,-0.027,12854080.0,880846859.0,3/17/2022,Medium
Mina Protocol,MINA,2.02,-0.013,0.118,0.068,132755480.0,851729245.0,3/17/2022,High
Curve DAO Token,CRV,2.13,-0.002,0.056,-0.011,162949799.0,838186885.0,3/17/2022,High
Oasis Network,ROSE,0.228057,0.002,0.002,-0.047,46311590.0,795948991.0,3/17/2022,High
ApeCoin,APE,7.72,0.05,-0.255,-0.0005,1129583103.0,794922002.0,3/17/2022,High
Secret,SCRT,4.73,0.004,0.028,-0.002,7931935.0,784928146.0,3/17/2022,Medium
LINK,LN,131.31,0.001,0.017,0.022,2027017.0,784870999.0,3/17/2022,Low
cUSDT,CUSDT,0.021768404,0.0,0.0,0.0,5320.09,775840943.0,3/17/2022,Low
Compound,COMP,115.17,0.001,0.051,0.045,55258209.0,766476634.0,3/17/2022,High
Anchor Protocol,ANC,2.85,-0.005,-0.083,-0.335,77859396.0,754479150.0,3/17/2022,High
Decred,DCR,52.84,-0.012,-0.07,-0.059,10725860.0,732991389.0,3/17/2022,Medium
IoTeX,IOTX,0.077158067,-0.015,0.007,0.058,53815127.0,732645462.0,3/17/2022,High
Holo,HOT,0.004092449,0.002,-0.013,-0.026,45825585.0,726741711.0,3/17/2022,High
Bitkub Coin,KUB,7.93,-0.002,0.004,-0.045,2877708.0,703620569.0,3/17/2022,Low
yearn.finance,YFI,19370.21,-0.004,0.02,-0.049,79795044.0,691957768.0,3/17/2022,High
Neutrino USD,USDN,1.0,-0.001,-0.003,0.008,6067663.0,685994297.0,3/17/2022,Medium
Nexus Mutual,NXM,95.18,0.006,0.03,0.035,21594.97,655250086.0,3/17/2022,Low
XDC Network,XDC,0.052299017,0.012,0.034,-0.056,9542402.0,644478092.0,3/17/2022,Medium
Smooth Love Potion,SLP,0.017171858,0.003,0.038,-0.064,237291070.0,642859351.0,3/17/2022,High
WAX,WAXP,0.276858,0.001,0.01,-0.04,20480550.0,626238810.0,3/17/2022,High
Qtum,QTUM,5.97,0.003,0.003,-0.013,61604038.0,621303049.0,3/17/2022,High
Sushi,SUSHI,3.21,0.012,0.028,0.009,138705772.0,618121984.0,3/17/2022,High
PAX Gold,PAXG,1946.03,-0.002,0.005,-0.024,22038867.0,617755161.0,3/17/2022,High
1inch,1INCH,1.49,0.008,-0.003,0.087,64145152.0,617505356.0,3/17/2022,High
renBTC,RENBTC,40854.63,0.002,0.009,-0.026,10275356.0,613544826.0,3/17/2022,Medium
Livepeer,LPT,24.57,0.013,0.032,-0.023,11245178.0,612934461.0,3/17/2022,Medium
Marinade staked SOL,MSOL,93.71,0.013,0.058,0.027,14128670.0,607857600.0,3/17/2022,Medium
Bancor Network Token,BNT,2.32,0.005,0.013,0.011,18087546.0,595471450.0,3/17/2022,Medium
Ankr,ANKR,0.072733294,0.001,0.007,-0.05,21277459.0,594634282.0,3/17/2022,High
Pocket Network,POKT,0.697976,-0.003,0.0,-0.079,1086957.0,587728129.0,3/17/2022,Low
Zilliqa,ZIL,0.041562864,0.002,0.013,0.001,30167523.0,585253625.0,3/17/2022,High
OMG Network,OMG,4.13,0.003,0.005,0.037,75465179.0,579014475.0,3/17/2022,High
Gnosis,GNO,306.2,0.001,0.025,-0.025,1192417.0,571602114.0,3/17/2022,Low
Render Token,RNDR,2.46,0.001,0.011,-0.073,19940200.0,568806275.0,3/17/2022,High
Fei USD,FEI,1.0,0.002,0.003,0.009,6008234.0,560856126.0,3/17/2022,Medium
ICON,ICX,0.745261,0.002,-0.011,-0.102,27185040.0,547848667.0,3/17/2022,High
SafeMoon,SFM,0.000962072,0.012,-0.064,-0.152,310296.0,544136940.0,3/17/2022,Low
Ravencoin,RVN,0.051574181,0.003,-0.003,-0.067,14056137.0,539976450.0,3/17/2022,Medium
IOST,IOST,0.022801633,0.0,0.01,-0.027,36690680.0,526323716.0,3/17/2022,High
Bitcoin Gold,BTG,29.92,0.0,0.007,-0.036,6176845.0,523876360.0,3/17/2022,Medium
Kava,KAVA,3.21,0.001,0.013,-0.009,15300789.0,517309409.0,3/17/2022,Medium
Rally,RLY,0.196257,0.015,0.09,-0.001,7033356.0,510399595.0,3/17/2022,Medium
e-Radix,EXRD,0.128151,0.009,0.05,0.078,2236562.0,508057632.0,3/17/2022,Low
UMA,UMA,7.69,-0.003,-0.006,-0.046,62505441.0,503852158.0,3/17/2022,High
OEC Token,OKT,32.97,0.001,0.024,-0.083,3504725.0,502905278.0,3/17/2022,Medium
Songbird,SGB,0.063697976,0.003,0.014,-0.117,1141938.0,495479119.0,3/17/2022,Low
WOO Network,WOO,0.512092,0.004,0.04,0.018,49800358.0,489182316.0,3/17/2022,High
Moonbeam,GLMR,2.41,-0.004,0.014,-0.08,44775987.0,485893979.0,3/17/2022,High
Velas,VLX,0.213294,0.002,0.001,-0.049,3415563.0,485455669.0,3/17/2022,Medium
Tether Gold,XAUT,1958.19,0.001,0.004,-0.023,2671319.0,483043378.0,3/17/2022,Low
Horizen,ZEN,39.44,0.001,0.021,-0.054,25684055.0,480024115.0,3/17/2022,High
Sapphire,SAPP,0.569767,0.005,0.012,-0.045,241909.0,478721909.0,3/17/2022,Low
Rocket Pool,RPL,29.01,0.003,-0.034,0.029,1766976.0,469695713.0,3/17/2022,Low
Golem,GLM,0.466554,0.001,0.003,-0.088,12086033.0,466317264.0,3/17/2022,Medium
Liquity USD,LUSD,1.01,0.001,0.002,0.001,3788413.0,465309713.0,3/17/2022,Medium
Audius,AUDIO,0.743362,0.001,0.01,-0.046,6575647.0,457745959.0,3/17/2022,Medium
STEPN,GMT,0.761181,0.013,0.425,4.608,1358531219.0,456251258.0,3/17/2022,High
Baby Doge Coin,BABYDOGE,2.83e-09,0.004,-0.012,-0.071,9830393.0,449901755.0,3/17/2022,Medium
Siacoin,SC,0.008924907,0.006,0.002,-0.058,8429351.0,448569310.0,3/17/2022,Medium
Ontology,ONT,0.509902,0.004,0.021,-0.027,26504330.0,446660094.0,3/17/2022,High
0x,ZRX,0.51816,0.003,0.016,-0.01,24224308.0,439124277.0,3/17/2022,High
Metis Token,METIS,146.26,0.007,-0.001,-0.075,36285014.0,438927006.0,3/17/2022,High
APENFT,NFT,1.54e-06,0.001,0.01,-0.052,52887977.0,426608620.0,3/17/2022,High
Synapse,SYN,2.42,0.004,0.111,-0.011,8785527.0,425904952.0,3/17/2022,Medium
dYdX,DYDX,4.8,0.0,0.034,-0.053,84542474.0,410559152.0,3/17/2022,High
SwissBorg,CHSB,0.426636,-0.004,-0.002,-0.077,717426.0,407989611.0,3/17/2022,Low
Everdome,DOME,0.047881406,-0.025,0.131,0.038,59460882.0,407661797.0,3/17/2022,High
SKALE,SKL,0.123037,0.002,-0.026,-0.013,8458820.0,399524174.0,3/17/2022,Medium
Dogelon Mars,ELON,7.17e-07,0.006,-0.01,-0.035,8089301.0,395179401.0,3/17/2022,Medium
Convex CRV,CVXCRV,2.1,0.022,0.083,0.022,284039.0,394323956.0,3/17/2022,Low
Olympus,OHM,27.85,0.002,-0.005,-0.147,8810942.0,391190971.0,3/17/2022,Medium
Constellation,DAG,0.149017,-0.001,-0.02,0.125,925421.0,376819046.0,3/17/2022,Low
Immutable X,IMX,1.59,0.001,0.01,0.001,74989985.0,374143811.0,3/17/2022,High
Gemini Dollar,GUSD,0.999103,-0.001,-0.002,-0.001,2599754.0,370970338.0,3/17/2022,Low
JUST,JST,0.04998816,0.005,0.022,-0.044,46444031.0,365218776.0,3/17/2022,High
NuCypher,NU,0.423049,0.004,0.008,-0.107,4447816.0,358798163.0,3/17/2022,Medium
Polymath,POLY,0.396075,0.002,0.029,-0.047,16295087.0,356459406.0,3/17/2022,Medium
Ethereum Name Service,ENS,15.1,-0.003,0.075,0.029,130802509.0,350492086.0,3/17/2022,High
Illuvium,ILV,543.69,0.007,0.045,0.025,10973374.0,349615509.0,3/17/2022,Medium
REN,REN,0.34295,0.002,0.011,-0.153,45489119.0,343396923.0,3/17/2022,High
Decentralized Social,DESO,32.58,-0.019,-0.038,0.053,665903.0,343383679.0,3/17/2022,Low
Keep Network,KEEP,0.623793,0.001,0.023,-0.066,1863025.0,342624992.0,3/17/2022,Low
Hive,HIVE,0.921978,0.003,0.063,0.008,27492473.0,342506941.0,3/17/2022,High
Flux,FLUX,1.43,0.002,0.003,0.044,11148974.0,328526106.0,3/17/2022,Medium
Nervos Network,CKB,0.010823611,0.002,0.026,-0.025,5885924.0,326436851.0,3/17/2022,Medium
Nano,XNO,2.43,0.025,0.101,0.393,272633201.0,325248112.0,3/17/2022,High
HUSD,HUSD,0.999448,-0.001,0.0,0.0,21491124.0,321832852.0,3/17/2022,High
Lido DAO,LDO,2.9,0.016,-0.024,0.229,6548070.0,320418126.0,3/17/2022,Medium
DeFi Kingdoms,JEWEL,4.33,0.007,0.053,-0.093,13531791.0,319385783.0,3/17/2022,Medium
Ultra,UOS,1.17,0.005,0.024,-0.038,4195149.0,317369548.0,3/17/2022,Medium
Spell Token,SPELL,0.00347664,0.007,-0.02,-0.109,47028727.0,316934220.0,3/17/2022,High
Telcoin,TEL,0.00515123,0.011,0.051,-0.014,2189831.0,316916231.0,3/17/2022,Low
Syscoin,SYS,0.497339,0.019,0.062,-0.043,11664234.0,316225956.0,3/17/2022,Medium
FLEX Coin,FLEX,3.95,0.0,-0.001,0.006,1321112348.0,311501806.0,3/17/2022,High
ConstitutionDAO,PEOPLE,0.060997698,0.004,0.004,-0.055,148965778.0,309380835.0,3/17/2022,High
Kyber Network Crystal,KNC,3.01,0.01,-0.018,-0.043,19917604.0,308453415.0,3/17/2022,High
LooksRare,LOOKS,1.25,0.018,-0.028,0.099,52982527.0,306746978.0,3/17/2022,High
Tomb,TOMB,1.19,-0.004,0.015,-0.101,10836099.0,305642692.0,3/17/2022,Medium
Lisk,LSK,2.1,-0.004,0.03,-0.005,8942754.0,304232009.0,3/17/2022,Medium
DigitalBits,XDB,0.395059,-0.004,0.015,0.207,1567720.0,302184765.0,3/17/2022,Low
DigiByte,DGB,0.019936487,0.004,0.014,-0.035,12119980.0,302087064.0,3/17/2022,Medium
Persistence,XPRT,3.61,-0.001,0.091,0.07,5704698.0,298811585.0,3/17/2022,Medium
PlayDapp,PLA,0.812543,0.002,0.016,-0.028,21899896.0,295009942.0,3/17/2022,High
Tenset,10SET,3.29,0.001,0.003,0.345,2346397.0,290187601.0,3/17/2022,Low
Stargaze,STARS,0.387759,0.001,-0.035,-0.209,1422449.0,288957891.0,3/17/2022,Low
Ronin,RON,1.93,0.0,0.036,-0.039,2336649.0,285584777.0,3/17/2022,Low
Trust Wallet Token,TWT,0.81527,-0.006,0.13,0.109,26534917.0,284403138.0,3/17/2022,High
Casper Network,CSPR,0.067306582,0.014,0.062,0.037,10361454.0,280491915.0,3/17/2022,Medium
Tokemak,TOKE,24.1,0.006,-0.042,-0.118,6082833.0,280398265.0,3/17/2022,Medium
SafeMoon [OLD],SAFEMOON,5.15e-07,0.002,0.02,-0.009,879.16,277800683.0,3/17/2022,Low
Radio Caca,RACA,0.00133739,0.0,0.004,0.084,17146649.0,277127753.0,3/17/2022,Medium
Pirate Chain,ARRR,1.44,-0.003,0.003,0.221,1185789.0,275717440.0,3/17/2022,Low
SXP,SXP,1.41,0.005,0.05,0.045,68376375.0,273381975.0,3/17/2022,High
MAI,MIMATIC,1.0,0.002,0.003,0.008,5757297.0,269690665.0,3/17/2022,Medium
Floki Inu,FLOKI,2.89e-05,0.0,0.019,-0.095,7318364.0,264302676.0,3/17/2022,Medium
Injective,INJ,5.4,0.008,0.014,0.011,25990848.0,262798491.0,3/17/2022,High
Mobox,MBOX,2.11,-0.004,0.033,0.056,42594303.0,261388946.0,3/17/2022,High
MXC,MXC,0.105998,-0.005,0.017,0.169,22877952.0,258748257.0,3/17/2022,High
Everscale,EVER,0.19269,0.0,-0.014,-0.011,14939.44,258439550.0,3/17/2022,Low
Perpetual Protocol,PERP,3.95,0.004,0.023,-0.017,9229627.0,257335955.0,3/17/2022,Medium
Zenon,ZNN,5.21,0.007,-0.026,-0.114,38130.88,257245207.0,3/17/2022,Low
WINkLink,WIN,0.000265885,0.0,-0.001,-0.043,78640150.0,256027145.0,3/17/2022,High
Coin98,C98,1.37,0.003,0.023,0.036,32845038.0,254083272.0,3/17/2022,High
WazirX,WRX,0.55677,-0.001,-0.002,-0.123,6363664.0,254078525.0,3/17/2022,Medium
Serum,SRM,1.9,0.005,0.018,-0.016,28934537.0,253353070.0,3/17/2022,High
Lido Staked SOL,STSOL,93.27,0.014,0.064,0.028,4306699.0,252733440.0,3/17/2022,Medium
Zipmex Token,ZMT,2.84,-0.002,0.018,0.003,14507743.0,252612673.0,3/17/2022,Medium
Mirror Protocol,MIR,1.71,0.005,0.004,-0.169,49984848.0,248849118.0,3/17/2022,High
Creditcoin,CTC,1.17,-0.001,0.032,0.02,3120629.0,242723178.0,3/17/2022,Low
Tribe,TRIBE,0.531679,-0.005,-0.021,-0.041,8080240.0,242034097.0,3/17/2022,Medium
VVS Finance,VVS,2.2e-05,0.0,-0.013,-0.129,2778953.0,236041817.0,3/17/2022,Low
Metahero,HERO,0.04469741,-0.005,-0.01,-0.13,7788330.0,234727576.0,3/17/2022,Medium
Yield Guild Games,YGG,2.65,0.022,0.096,-0.013,32498566.0,232020727.0,3/17/2022,High
Function X,FX,0.490287,-0.008,0.003,-0.025,2789713.0,230355668.0,3/17/2022,Low
API3,API3,4.64,0.003,-0.012,-0.146,30688251.0,230330587.0,3/17/2022,High
Dent,DENT,0.002405588,-0.002,0.023,-0.042,15366549.0,230289059.0,3/17/2022,Medium
Raydium,RAY,2.52,0.006,0.004,-0.01,20578926.0,229551472.0,3/17/2022,High
Fetch.ai,FET,0.333007,0.01,0.016,-0.06,18218920.0,229348461.0,3/17/2022,Medium
Escoin Token,ELG,3.31,0.005,-0.015,0.017,724098.0,228752259.0,3/17/2022,Low
Euro Tether,EURT,1.11,0.0,0.006,0.003,14717552.0,228389194.0,3/17/2022,Medium
CoinEx Token,CET,0.061140663,-0.001,0.0,0.049,525677.0,227207627.0,3/17/2022,Low
Astroport,ASTRO,1.81,-0.002,-0.104,0.095,8759702.0,227045274.0,3/17/2022,Medium
Chromia,CHR,0.399507,0.001,0.053,0.02,58264434.0,226830657.0,3/17/2022,High
Chia,XCH,65.99,-0.003,0.015,-0.077,9082334.0,225459171.0,3/17/2022,Medium
xSUSHI,XSUSHI,4.02,0.012,0.058,0.022,255785.0,225344906.0,3/17/2022,Low
Cratos,CRTS,0.003236528,0.003,0.099,-0.027,16517737.0,223198961.0,3/17/2022,Medium
Status,SNT,0.057335511,-0.002,0.01,-0.086,8733449.0,222865089.0,3/17/2022,Medium
Telos,TLOS,0.858613,0.001,0.046,-0.059,3788138.0,222068806.0,3/17/2022,Medium
Power Ledger,POWR,0.511559,0.002,0.013,-0.04,31170583.0,219951909.0,3/17/2022,High
Astar,ASTR,0.107755,-0.001,0.044,0.027,8916820.0,218062741.0,3/17/2022,Medium
Medibloc,MED,0.040421543,0.001,0.007,-0.013,4569259.0,217275804.0,3/17/2022,Medium
Celer Network,CELR,0.038316853,0.009,0.036,-0.038,29766536.0,216429137.0,3/17/2022,High
COTI,COTI,0.204755,0.001,0.016,-0.032,12162479.0,215079506.0,3/17/2022,Medium
Vulcan Forged,PYR,8.9,0.001,0.023,-0.096,20305571.0,212825987.0,3/17/2022,High
Dopex,DPX,1173.9,0.007,0.042,0.007,3078417.0,211922629.0,3/17/2022,Low
Energy Web Token,EWT,5.03,0.0,0.025,-0.02,1278646.0,211101992.0,3/17/2022,Low
PLEX,PLEX,0.857492,0.024,0.05,0.142,14908002.0,210041737.0,3/17/2022,Medium
Orbs,ORBS,0.072277991,-0.001,0.001,-0.008,5313234.0,209383845.0,3/17/2022,Medium
Alchemix USD,ALUSD,0.998794,0.0,0.0,0.001,142769.0,208931720.0,3/17/2022,Low
XYO Network,XYO,0.016424294,0.0,0.005,-0.055,4920583.0,204717393.0,3/17/2022,Medium
Boba Network,BOBA,1.28,0.005,0.058,0.162,7605916.0,204133364.0,3/17/2022,Medium
Ocean Protocol,OCEAN,0.465948,0.001,-0.007,0.007,13125747.0,202260490.0,3/17/2022,Medium
Unibright,UBT,1.34,0.0,0.135,0.74,1513662.0,201738743.0,3/17/2022,Low
Mdex,MDX,0.231902,0.001,0.037,0.043,10470382.0,200934743.0,3/17/2022,Medium
LUKSO Token,LYXE,13.11,-0.002,0.007,-0.051,2438281.0,199459617.0,3/17/2022,Low
Mask Network,MASK,4.21,0.002,0.043,-0.01,72687776.0,198784023.0,3/17/2022,High
DAO Maker,DAO,2.19,0.005,0.005,-0.051,2620710.0,198134048.0,3/17/2022,Low
Origin Protocol,OGN,0.41561,-0.013,-0.043,0.488,103519781.0,197701631.0,3/17/2022,High
UFO Gaming,UFO,7.57e-06,0.007,0.005,-0.056,5528279.0,194844243.0,3/17/2022,Medium
Ardor,ARDR,0.194427,-0.004,0.008,-0.043,5019344.0,194331101.0,3/17/2022,Medium
Pundi X,PUNDIX,0.745885,0.0,0.008,-0.049,4093358.0,192900544.0,3/17/2022,Medium
Civic,CVC,0.28617,-0.001,0.067,0.044,61814649.0,192055742.0,3/17/2022,High
GMX,GMX,25.47,0.003,0.119,0.014,3169278.0,190389663.0,3/17/2022,Low
Interest Bearing Bitcoin,IBBTC,40853.81,0.006,0.016,-0.0005,8343005.0,189800862.0,3/17/2022,Medium
Kyber Network Crystal Legacy,KNCL,3.03,0.015,-0.011,-0.032,82195466.0,187322633.0,3/17/2022,High
MX Token,MX,1.87,-0.001,0.006,-0.005,374184.0,186909022.0,3/17/2022,Low
Coinmetro,XCM,0.613238,0.003,0.006,-0.024,36444.53,185482862.0,3/17/2022,Low
Conflux,CFX,0.118894,-0.001,0.022,-0.055,5488882.0,185392410.0,3/17/2022,Medium
Yoshi.exchange,YOSHI,1.4,0.001,0.05,0.28,1673418.0,183581718.0,3/17/2022,Low
Wonderland,TIME,200.89,0.002,0.021,-0.054,1142909.0,181461291.0,3/17/2022,Low
MiL.k Alliance,MLK,0.814028,-0.001,0.0,-0.004,9464173.0,181018689.0,3/17/2022,Medium
XSGD,XSGD,0.737151,0.0,0.003,0.002,2206838.0,180464893.0,3/17/2022,Low
Divi,DIVI,0.064853595,0.018,0.036,-0.008,202892.0,180441034.0,3/17/2022,Low
JOE,JOE,0.982235,-0.011,0.112,-0.033,47914853.0,180295364.0,3/17/2022,High
Radicle,RAD,4.33,0.0,-0.022,-0.065,7819981.0,178613189.0,3/17/2022,Medium
SuperFarm,SUPER,0.612438,-0.002,0.012,-0.062,13815815.0,176123468.0,3/17/2022,Medium
Pundi X [OLD],NPXS,0.000739037,0.005,0.23,-0.056,3233.81,175021533.0,3/17/2022,Low
Aragon,ANT,4.6,0.005,-0.007,-0.032,20342438.0,174947342.0,3/17/2022,High
Reserve Rights Token,RSR,0.013289915,-0.003,-0.037,0.016,62606911.0,174938398.0,3/17/2022,High
Moonriver,MOVR,51.56,0.001,0.058,-0.063,19258945.0,174781398.0,3/17/2022,Medium
BTSE Token,BTSE,8.47,0.017,0.007,0.088,182389.0,171754643.0,3/17/2022,Low
Ergo,ERG,3.26,-0.006,0.002,0.004,1480738.0,170208459.0,3/17/2022,Low
Rari Governance Token,RGT,15.15,0.0,0.016,-0.064,109283.0,170001175.0,3/17/2022,Low
Request,REQ,0.219206,-0.002,0.006,0.093,11689099.0,169969973.0,3/17/2022,Medium
Cartesi,CTSI,0.321965,0.003,0.033,0.0,17202782.0,167831024.0,3/17/2022,Medium
Aurora,AURORA,7.35,-0.001,0.072,-0.069,1298850.0,167615843.0,3/17/2022,Low
Veritaseum,VERI,77.68,-0.064,0.032,0.328,61535.04,167034953.0,3/17/2022,Low
Power Cash,PRCH,0.000580256,0.004,0.057,-0.034,121835.0,165663549.0,3/17/2022,Low
MMFinance,MMF,1.2,-0.002,0.091,0.381,46298812.0,165134827.0,3/17/2022,High
sBTC,SBTC,40716.13,0.0,0.005,-0.028,2583416.0,165066520.0,3/17/2022,Low
Numeraire,NMR,27.87,0.0,-0.009,-0.036,3832085.0,164787989.0,3/17/2022,Medium
Alchemy Pay,ACH,0.040004818,0.005,-0.013,-0.045,6824925.0,164599197.0,3/17/2022,Medium
FEG Token BSC,FEG,3.89e-09,0.025,-0.023,-0.013,270143.0,163269693.0,3/17/2022,Low
inSure DeFi,SURE,0.006161036,0.006,0.03,0.132,1159883.0,162967567.0,3/17/2022,Low
Multichain,MULTI,8.85,-0.001,-0.033,-0.243,841002.0,162445121.0,3/17/2022,Low
Bifrost,BFC,0.149851,0.0,0.005,-0.026,1897563.0,159291451.0,3/17/2022,Low
Ion,ION,7395.39,-0.037,0.048,-0.139,417792.0,157510201.0,3/17/2022,Low
World Mobile Token,WMT,0.668572,0.001,0.022,-0.056,1060965.0,156579542.0,3/17/2022,Low
Poollotto.finance,PLT,17.97,0.015,0.021,0.036,701074.0,156426727.0,3/17/2022,Low
Mango,MNGO,0.150121,0.001,0.015,-0.017,491181.0,156098438.0,3/17/2022,Low
AscendEx Token,ASD,0.209002,-0.002,-0.001,-0.047,1996023.0,155507488.0,3/17/2022,Low
Reef Finance,REEF,0.008484927,0.002,0.005,-0.022,15128863.0,154953141.0,3/17/2022,Medium
Storj,STORJ,1.06,0.003,0.028,0.076,22799371.0,153045067.0,3/17/2022,High
FEG Token,FEG,3.71e-09,-0.012,0.005,0.001,596220.0,152507971.0,3/17/2022,Low
Tokamak Network,TON,3.63,0.001,0.018,-0.049,3175683.0,152418252.0,3/17/2022,Low
BNB48 Club Token,KOGE,75.36,0.006,0.016,-0.0005,8343005.0,151006279.0,3/17/2022,Medium
Akash Network,AKT,1.14,0.013,0.039,0.005,1488453.0,150977820.0,3/17/2022,Low
Origin Dollar,OUSD,0.996761,-0.001,0.003,-0.005,384674.0,150877504.0,3/17/2022,Low
Verge,XVG,0.009119355,0.0,-0.001,-0.137,3989138.0,150565690.0,3/17/2022,Medium
VeThor Token,VTHO,0.003276533,-0.002,0.01,0.021,5281032.0,149610423.0,3/17/2022,Medium
Merit Circle,MC,2.12,-0.001,0.015,0.035,9053682.0,149412537.0,3/17/2022,Medium
USDX,USDX,0.972184,0.007,0.006,0.003,633490.0,148673012.0,3/17/2022,Low
Band Protocol,BAND,3.57,0.001,-0.012,-0.043,14710862.0,148621625.0,3/17/2022,Medium
aelf,ELF,0.320715,-0.001,0.007,-0.038,6682894.0,148069098.0,3/17/2022,Medium
Biconomy,BICO,1.29,-0.006,-0.018,0.0,30433864.0,147807938.0,3/17/2022,High
OriginTrail,TRAC,0.403433,-0.01,0.006,-0.093,1641938.0,147741339.0,3/17/2022,Low
Beldex,BDX,0.098103513,0.005,-0.029,0.378,270960.0,147183281.0,3/17/2022,Low
Orchid Protocol,OXT,0.245431,0.0,0.035,0.06,16831078.0,145268599.0,3/17/2022,Medium
StarLink,STARL,1.45e-05,0.002,0.003,-0.023,6019692.0,144516643.0,3/17/2022,Medium
GPEX,GPX,3.77,-0.002,-0.017,-0.061,166864.0,144310185.0,3/17/2022,Low
Kishu Inu,KISHU,1.48e-09,0.0,-0.039,0.073,5930373.0,143713655.0,3/17/2022,Medium
Beta Finance,BETA,0.390171,0.001,0.007,-0.087,16200954.0,140529092.0,3/17/2022,Medium
Ark,ARK,0.855048,0.008,0.024,-0.053,2191914.0,139681382.0,3/17/2022,Low
TrueFi,TRU,0.214734,0.095,0.194,0.242,14102206.0,137832596.0,3/17/2022,Medium
STASIS EURO,EURS,1.11,-0.001,0.005,0.001,5583658.0,137830475.0,3/17/2022,Medium
Acala,ACA,1.08,0.002,-0.014,-0.054,8839438.0,137419617.0,3/17/2022,Medium
Keep3rV1,KP3R,361.53,0.003,0.003,-0.032,19120535.0,135737507.0,3/17/2022,Medium
Magic,MAGIC,2.66,-0.002,-0.045,-0.054,4586490.0,135701244.0,3/17/2022,Medium
Hxro,HXRO,0.304276,0.0,-0.003,-0.066,71104.14,133744124.0,3/17/2022,Low
Sperax,SPA,0.170244,-0.004,0.026,-0.026,911737.0,133654459.0,3/17/2022,Low
MaidSafeCoin,MAID,0.295224,0.001,0.001,-0.067,7810.13,133599281.0,3/17/2022,Low
flexUSD,FLEXUSD,1.0,0.0,-0.005,0.002,312664.0,132659636.0,3/17/2022,Low
Prometeus,PROM,8.05,-0.001,0.011,-0.031,889637.0,132399958.0,3/17/2022,Low
Iron Bank EURO,IBEUR,1.1,0.0,0.016,0.005,57945.42,132176489.0,3/17/2022,Low
Qredo,QRDO,2.61,0.0,0.028,0.024,16725771.0,131117652.0,3/17/2022,Medium
Bezoge Earth,BEZOGE,2.98e-09,-0.004,-0.022,-0.177,176270.0,130736810.0,3/17/2022,Low
Victoria VR,VR,0.154224,0.01,0.067,0.131,10041552.0,130077410.0,3/17/2022,Medium
Polkastarter,POLS,1.47,0.018,-0.042,0.198,34461134.0,129790575.0,3/17/2022,High
DUSK Network,DUSK,0.32285,-0.024,-0.007,-0.108,10733697.0,129772453.0,3/17/2022,Medium
iExec RLC,RLC,1.81,0.004,-0.001,0.01,4304190.0,129744853.0,3/17/2022,Medium
RMRK,RMRK,13.61,-0.006,-0.003,-0.07,3122953.0,129381545.0,3/17/2022,Low
THORChain (ERC20),RUNE,7.98,0.003,0.122,0.584,2414143.0,129360305.0,3/17/2022,Low
Metadium,META,0.076139641,-0.002,-0.012,0.004,9899795.0,128563501.0,3/17/2022,Medium
StormX,STMX,0.013797399,0.002,-0.014,-0.1,1844462.0,128358108.0,3/17/2022,Low
Stratis,STRAX,0.94622,-0.003,0.013,-0.04,14410182.0,128080393.0,3/17/2022,Medium
STP Network,STPT,0.087992796,0.0,0.016,-0.046,7298290.0,127931734.0,3/17/2022,Medium
Steem,STEEM,0.322052,0.004,0.02,-0.011,4267199.0,127246640.0,3/17/2022,Medium
DEAPCOIN,DEP,0.027101683,-0.008,-0.018,-0.159,5123322.0,126235341.0,3/17/2022,Medium
Meerkat Shares,MSHARE,14141.32,0.001,0.091,1.065,8589756.0,126105039.0,3/17/2022,Medium
RSK Infrastructure Framework,RIF,0.151385,-0.002,0.01,-0.07,206651.0,125639850.0,3/17/2022,Low
Dawn Protocol,DAWN,1.72,0.001,0.014,0.006,4063485.0,125035795.0,3/17/2022,Medium
Alpha Finance,ALPHA,0.280024,0.003,0.004,-0.003,5728562.0,125007857.0,3/17/2022,Medium
NKN,NKN,0.191882,0.005,-0.003,-0.014,5872145.0,124824929.0,3/17/2022,Medium
Decentral Games,DG,0.322954,-0.01,0.059,0.008,1307545.0,124818085.0,3/17/2022,Low
Balancer,BAL,11.52,0.0,0.006,-0.038,8895097.0,124477702.0,3/17/2022,Medium
Strike,STRK,39.63,0.002,0.044,-0.01,70589902.0,124043364.0,3/17/2022,High
Alien Worlds,TLM,0.099181828,0.008,0.028,-0.019,53533075.0,123122031.0,3/17/2022,High
Dero,DERO,10.93,0.001,0.007,-0.158,568520.0,122930832.0,3/17/2022,Low
Sun Token,SUN,0.011601809,0.0,0.0,-0.026,20031921.0,122048839.0,3/17/2022,High
Tomb Shares,TSHARE,3117.12,-0.015,0.07,-0.346,15057752.0,122042187.0,3/17/2022,Medium
GXChain,GXC,1.62,-0.006,-0.01,-0.046,11044304.0,122034911.0,3/17/2022,Medium
Ankr Reward-Bearing Staked ETH,AETHC,2254.71,0.005,0.027,-0.035,103476.0,120703323.0,3/17/2022,Low
Spookyswap,BOO,13.41,-0.005,0.027,-0.073,3033122.0,120688730.0,3/17/2022,Low
Maple,MPL,26.62,-0.016,0.048,0.216,6013862.0,120557876.0,3/17/2022,Medium
Kirobo,KIRO,0.125334,0.009,-0.008,-0.102,60450.88,119964465.0,3/17/2022,Low
BENQI Liquid Staked AVAX,SAVAX,79.79,0.0,0.095,0.029,1138158.0,119637582.0,3/17/2022,Low
sETH2,SETH2,2818.01,0.005,0.028,0.035,958190.0,119015862.0,3/17/2022,Low
Aavegotchi,GHST,1.94,-0.001,0.0,-0.008,28955029.0,117650490.0,3/17/2022,High
FUNToken,FUN,0.011072745,-0.007,0.012,-0.012,840985.0,117522843.0,3/17/2022,Low
agEUR,AGEUR,1.11,0.003,0.011,0.005,2130541.0,115865259.0,3/17/2022,Low
Alchemix,ALCX,96.93,-0.001,0.023,-0.144,6978992.0,114928689.0,3/17/2022,Medium
Hoo Token,HOO,1.39,-0.004,0.035,0.059,8832185.0,114432549.0,3/17/2022,Medium
Beefy.Finance,BIFI,1462.88,-0.004,0.005,-0.093,1404924.0,114334270.0,3/17/2022,Low
Alpine F1 Team Fan Token,ALPINE,10.0,0.002,0.142,0.953,226663985.0,114038968.0,3/17/2022,High
DODO,DODO,0.395012,-0.003,0.009,-0.033,24729655.0,113721778.0,3/17/2022,High
Hathor,HTR,0.491681,0.001,0.028,-0.049,5298234.0,112171936.0,3/17/2022,Medium
TitanSwap,TITAN,1.12,-0.018,-0.008,-0.038,24457.53,111774842.0,3/17/2022,Low
PlatON Network,LAT,0.046419884,0.005,0.022,-0.047,2598864.0,111691885.0,3/17/2022,Low
Phantasma,SOUL,1.07,0.005,-0.009,-0.105,2935493.0,111502505.0,3/17/2022,Low
Tornado Cash,TORN,47.28,-0.002,-0.01,-0.044,7275467.0,111302578.0,3/17/2022,Medium
Klever,KLV,0.02093064,-0.002,-0.01,0.015,3409196.0,110824223.0,3/17/2022,Medium
JasmyCoin,JASMY,0.023128578,-0.016,0.098,0.685,657631520.0,110553343.0,3/17/2022,High
BTC Standard Hashrate Token,BTCST,15.08,0.007,-0.015,-0.092,3149394.0,109935865.0,3/17/2022,Low
KardiaChain,KAI,0.032601818,-0.002,-0.015,-0.061,2890097.0,109334845.0,3/17/2022,Low
My Neighbor Alice,ALICE,6.27,0.001,0.033,-0.016,99965004.0,109282154.0,3/17/2022,High
Proton,XPR,0.011066116,-0.002,0.008,-0.102,8687937.0,109182891.0,3/17/2022,Medium
Utrust,UTK,0.237003,-0.001,0.015,-0.051,8201156.0,109107417.0,3/17/2022,Medium
Kava Swap,SWP,1.82,-0.012,0.008,0.0,1981564.0,109049036.0,3/17/2022,Low
Regen,REGEN,0.873466,-0.002,0.013,-0.04,185688.0,107921529.0,3/17/2022,Low
BakerySwap,BAKE,0.559948,0.002,0.021,-0.016,15467623.0,107743877.0,3/17/2022,Medium
Hydra,HYDRA,9.26,0.004,0.04,0.056,884096.0,107523003.0,3/17/2022,Low
Venus,XVS,8.86,0.003,0.04,-0.01,15729939.0,106857130.0,3/17/2022,Medium
CRYPTO20,C20,3.21,0.005,0.094,-0.014,244162.0,106817045.0,3/17/2022,Low
Pylon Protocol,MINE,0.054820562,-0.002,0.025,0.118,255036.0,106639197.0,3/17/2022,Low
QuarkChain,QKC,0.016027564,0.008,0.028,-0.031,2308543.0,106547838.0,3/17/2022,Low
Orion Protocol,ORN,3.06,0.003,-0.012,-0.074,9655123.0,104853664.0,3/17/2022,Medium
Seedify.fund,SFUND,4.37,-0.002,0.013,-0.168,3082745.0,104617801.0,3/17/2022,Low
TomoChain,TOMO,1.19,0.007,0.015,-0.028,2030435.0,104551092.0,3/17/2022,Low
Ellipsis,EPS,0.166502,-0.001,0.012,-0.029,5645716.0,104379795.0,3/17/2022,Medium
Railgun,RAIL,1.81,-0.001,0.021,-0.175,471794.0,104202720.0,3/17/2022,Low
Decentral Games Governance,XDG,0.338029,0.013,0.052,0.013,147662.0,104005183.0,3/17/2022,Low
Hermez Network,HEZ,6.17,0.002,0.015,0.013,68193.73,103279211.0,3/17/2022,Low
AIOZ Network,AIOZ,0.214561,-0.012,-0.095,-0.107,5493212.0,103148149.0,3/17/2022,Medium
ICHI,ICHI,23.02,0.005,0.017,0.108,662181.0,100868057.0,3/17/2022,Low
sETH,SETH,2821.01,0.006,0.039,0.033,3277906.0,100163119.0,3/17/2022,Medium
Bitcoin Diamond,BCD,0.52929,0.015,0.029,-0.041,13758923.0,99286361.0,3/17/2022,Medium
Metal,MTL,1.52,0.004,-0.001,-0.044,10399052.0,98146821.0,3/17/2022,Medium
Dopex Rebate Token,RDPX,105.79,-0.013,0.052,0.092,1970405.0,97862985.0,3/17/2022,Low
Wilder World,WILD,1.17,-0.012,0.004,-0.178,4126450.0,97738316.0,3/17/2022,Medium
cBAT,CBAT,0.013887823,0.006,0.016,-0.0005,8343005.0,96581377.0,3/17/2022,Medium
Wrapped Centrifuge,WCFG,0.481036,-0.003,-0.01,-0.043,1727756.0,95950030.0,3/17/2022,Low
Bounce,AUCTION,13.12,0.002,0.002,0.0,1640514.0,94608029.0,3/17/2022,Low
Augur,REP,13.56,0.001,0.01,-0.041,5896456.0,94396497.0,3/17/2022,Medium
sUSD,SUSD,0.997496,0.001,0.004,-0.003,9442897.0,94221877.0,3/17/2022,Medium
Electroneum,ETN,0.00521421,0.006,0.025,-0.05,189537.0,93414016.0,3/17/2022,Low
KeeperDAO,ROOK,115.76,0.008,0.07,-0.105,652966.0,93199097.0,3/17/2022,Low
Dvision Network,DVI,0.380746,0.008,0.091,-0.108,2438408.0,92462684.0,3/17/2022,Low
cUNI,CUNI,0.186789,0.002,0.02,0.013,818771.0,91378796.0,3/17/2022,Low
Wanchain,WAN,0.472639,0.001,0.0,0.003,5680953.0,91293951.0,3/17/2022,Medium
IDEX,IDEX,0.142172,0.004,-0.002,-0.055,11854190.0,90697310.0,3/17/2022,Medium
Verasity,VRA,0.020213149,0.008,-0.03,-0.113,55707710.0,90445041.0,3/17/2022,High
Neutrino System Base Token,NSBT,35.75,-0.001,0.009,0.188,208377.0,90375202.0,3/17/2022,Low
Everipedia,IQ,0.008982625,-0.005,-0.004,-0.005,2844319.0,90044377.0,3/17/2022,Low
HUNT,HUNT,0.821299,-0.001,0.069,0.006,104480496.0,89930148.0,3/17/2022,High
Somnium Space CUBEs,CUBE,6.89,0.011,0.173,0.2,379297.0,89700384.0,3/17/2022,Low
bZx Protocol,BZRX,0.062809109,-0.704,-0.646,-0.464,43.49,88971844.0,3/17/2022,Low
AllianceBlock,ALBT,0.229837,-0.003,0.038,0.053,380133.0,88953339.0,3/17/2022,Low
ZoidPay,ZPAY,0.303949,-0.004,-0.018,0.212,580730.0,88904956.0,3/17/2022,Low
Ampleforth,AMPL,1.07,0.0,-0.049,0.104,1359111.0,88008725.0,3/17/2022,Low
Bonfida,FIDA,1.65,-0.002,0.025,-0.083,7357829.0,87734475.0,3/17/2022,Medium
Avalaunch,XAVA,3.92,-0.002,0.034,-0.024,1323970.0,86912829.0,3/17/2022,Low
Adventure Gold,AGLD,1.11,-0.011,0.009,0.089,56512453.0,85908280.0,3/17/2022,High
Adshares,ADS,3.55,0.001,0.028,0.298,1188991.0,85408124.0,3/17/2022,Low
Automata,ATA,0.368096,0.004,0.004,-0.003,3784037.0,83651315.0,3/17/2022,Medium
Gains Farm,GFARM2,2330.78,0.0,0.03,0.102,138508.0,83519135.0,3/17/2022,Low
Crabada,CRA,0.957634,0.026,0.064,0.033,2393019.0,83266240.0,3/17/2022,Low
CertiK,CTK,1.17,-0.002,-0.003,-0.009,4539353.0,82895723.0,3/17/2022,Medium
Celo Dollar,CUSD,1.0,-0.001,0.005,0.004,2890566.0,82678314.0,3/17/2022,Low
Propy,PRO,1.43,-0.005,0.087,-0.131,1092863.0,82507865.0,3/17/2022,Low
Swarm,BZZ,1.26,0.002,0.052,-0.014,1150674.0,81979222.0,3/17/2022,Low
Clover Finance,CLV,0.313737,-0.003,0.028,-0.014,10080749.0,81842102.0,3/17/2022,Medium
Covalent,CQT,0.319453,0.0,0.036,-0.1,1930543.0,81675970.0,3/17/2022,Low
chrono.tech,TIME,113.61,0.012,-0.036,-0.234,150984.0,80595619.0,3/17/2022,Low
Biswap,BSW,0.355954,0.002,-0.002,0.058,4931153.0,80314265.0,3/17/2022,Medium
Gitcoin,GTC,5.65,0.004,-0.003,-0.102,7848894.0,80282760.0,3/17/2022,Medium
DFI.money,YFII,2018.73,0.001,-0.014,-0.001,11327787.0,80185006.0,3/17/2022,Medium
Redacted Cartel,BTRFLY,129.99,-0.001,0.14,-0.212,2195840.0,80079688.0,3/17/2022,Low
SafePal,SFP,0.740146,-0.002,0.013,-0.018,8669227.0,80075567.0,3/17/2022,Medium
Platypus Finance,PTP,4.14,0.005,-0.135,-0.354,5248814.0,79450747.0,3/17/2022,Medium
BENQI,QI,0.050743317,0.0,0.024,-0.048,8530801.0,79411049.0,3/17/2022,Medium
Aergo,AERGO,0.218479,-0.004,0.012,-0.129,7272167.0,79214487.0,3/17/2022,Medium
Enzyme,MLN,54.27,0.005,0.006,0.033,5114354.0,78897484.0,3/17/2022,Medium
Nerve Finance,NRV,0.018468001,-0.015,0.057,-0.04,26173.31,77747624.0,3/17/2022,Low
Rai Reflex Index,RAI,3.04,0.003,0.003,0.002,1057135.0,77616933.0,3/17/2022,Low
Aurory,AURY,8.09,-0.001,0.008,0.004,1438567.0,76843664.0,3/17/2022,Low
RIZON,ATOLO,0.034953546,0.001,-0.018,-0.05,334964.0,75194885.0,3/17/2022,Low
Aave [OLD],LEND,1.47,0.002,0.079,0.072,11843.62,75160944.0,3/17/2022,Low
mStable USD,MUSD,0.999305,0.0,0.0,0.0,100066.0,74706759.0,3/17/2022,Low
DeFi Pulse Index,DPI,158.57,-0.005,0.024,0.012,264648.0,74590066.0,3/17/2022,Low
Blox,CDT,0.110513,0.053,0.151,-0.007,151228.0,74560549.0,3/17/2022,Low
PlatonCoin,PLTC,0.682181,-0.001,0.068,0.199,195574.0,74286948.0,3/17/2022,Low
ShapeShift FOX Token,FOX,0.272417,0.001,0.002,-0.028,671439.0,74091492.0,3/17/2022,Low
Handshake,HNS,0.155984,-0.004,-0.001,-0.168,171651.0,74049207.0,3/17/2022,Low
PEAKDEFI,PEAK,0.05519711,0.04,-0.018,-0.175,72443.45,74047013.0,3/17/2022,Low
Presearch,PRE,0.186584,0.001,0.037,-0.025,706220.0,74002744.0,3/17/2022,Low
SingularityNET,AGIX,0.082793325,-0.001,-0.015,-0.081,1211638.0,73431209.0,3/17/2022,Low
Sai,SAI,1.0,0.006,0.016,-0.0005,8343005.0,72643253.0,3/17/2022,Medium
Sifchain,EROWAN,0.092998916,0.005,0.026,-0.031,2618246.0,72370847.0,3/17/2022,Low
Badger DAO,BADGER,7.24,-0.005,-0.011,-0.074,3893756.0,72193740.0,3/17/2022,Medium
Index Coop - ETH 2x Flexible Leverage Index,ETH2X-FLI,69.79,0.002,0.056,0.063,1140003.0,72083620.0,3/17/2022,Low
Oxygen,OXY,0.355128,0.012,0.094,0.09,628756.0,71658098.0,3/17/2022,Low
Hifi Finance,MFT,0.007610381,-0.003,0.007,0.058,13457578.0,71444464.0,3/17/2022,Medium
Vader Protocol,VADER,0.014688496,0.008,0.022,-0.363,3416278.0,71296654.0,3/17/2022,Medium
MAPS,MAPS,0.944908,0.007,0.143,0.121,1481120.0,70633226.0,3/17/2022,Low
Wrapped NXM,WNXM,26.39,0.003,-0.01,-0.03,1579870.0,70593491.0,3/17/2022,Low
Sovryn,SOV,3.32,-0.006,-0.029,-0.159,732020.0,70581427.0,3/17/2022,Low
Netvrk,NTVRK,1.71,-0.007,0.116,-0.029,2603788.0,70480323.0,3/17/2022,Low
Dock,DOCK,0.033661854,0.001,0.008,-0.022,2401530.0,70448413.0,3/17/2022,Low
ShareToken,SHR,0.007367751,0.0,0.029,-0.175,261673.0,69453171.0,3/17/2022,Low
TempleDAO,TEMPLE,0.641015,0.001,-0.036,-0.05,857448.0,69369413.0,3/17/2022,Low
cVault.finance,CORE,6926.41,-0.005,0.026,0.0,42667.58,68840419.0,3/17/2022,Low
GuildFi,GF,1.58,0.001,0.031,0.019,4047040.0,68575496.0,3/17/2022,Medium
ChainX,PCX,1.64,0.006,-0.015,0.033,523787.0,68530128.0,3/17/2022,Low
Loom Network (OLD),LOOMOLD,0.0821722,0.005,0.102,0.018,2657217.0,68416663.0,3/17/2022,Low
Travala.com,AVA,1.32,0.002,-0.01,0.003,3591714.0,68291858.0,3/17/2022,Medium
Banana,BANANA,15.33,0.002,-0.181,0.393,541918.0,68212793.0,3/17/2022,Low
IRISnet,IRIS,0.055425599,0.016,-0.003,-0.088,2976839.0,68090240.0,3/17/2022,Low
Circuits of Value,COVAL,0.037961004,0.002,-0.012,-0.054,366787.0,67826274.0,3/17/2022,Low
ARPA Chain,ARPA,0.069003374,0.0,0.008,-0.037,13633759.0,67762845.0,3/17/2022,Medium
SuperRare,RARE,0.464613,-0.003,0.014,0.019,9398219.0,67388220.0,3/17/2022,Medium
Verus Coin,VRSC,0.999387,0.053,0.061,-0.122,20275.07,67318962.0,3/17/2022,Low
Bitcoin,BTC,40859.46,0.022,0.03,0.055,35390763321.0,770991000000.0,3/16/2022,High
Ethereum,ETH,2744.41,0.024,0.034,0.065,19748695312.0,327104000000.0,3/16/2022,High
Tether,USDT,1.0,-0.001,-0.001,0.0,57934969077.0,79965155138.0,3/16/2022,High
BNB,BNB,383.43,0.018,0.028,0.004,1395853984.0,64043816800.0,3/16/2022,High
USD Coin,USDC,0.999874,-0.001,0.0,0.0,3872273611.0,52222137400.0,3/16/2022,High
XRP,XRP,0.785018,0.019,0.019,0.089,3925204682.0,37530785877.0,3/16/2022,High
Terra,LUNA,89.51,0.024,-0.005,0.046,2661508267.0,32945963147.0,3/16/2022,High
Solana,SOL,85.61,0.024,0.014,0.041,1776167313.0,27535891424.0,3/16/2022,High
Cardano,ADA,0.824161,0.016,0.016,0.028,950718327.0,26331888060.0,3/16/2022,High
Polkadot,DOT,18.55,0.031,0.035,0.095,762198942.0,20175265447.0,3/16/2022,High
Avalanche,AVAX,73.69,0.034,0.032,0.011,866838890.0,19563622731.0,3/16/2022,High
Binance USD,BUSD,1.0,-0.002,0.002,0.002,4039490120.0,17975175881.0,3/16/2022,High
Dogecoin,DOGE,0.11566,0.015,0.023,-0.011,451839687.0,15312260998.0,3/16/2022,High
TerraUSD,UST,1.0,-0.001,0.003,0.001,742209053.0,15025463384.0,3/16/2022,High
Shiba Inu,SHIB,2.24e-05,0.024,0.028,-0.021,546344871.0,12186102832.0,3/16/2022,High
Wrapped Bitcoin,WBTC,40820.44,0.02,0.03,0.055,443045583.0,11077637101.0,3/16/2022,High
Cronos,CRO,0.401575,0.018,0.043,0.038,99233479.0,10108572460.0,3/16/2022,High
Polygon,MATIC,1.44,0.029,0.034,0.0,665458992.0,9860943646.0,3/16/2022,High
Dai,DAI,0.999429,0.0,-0.001,0.0,311112491.0,9375312310.0,3/16/2022,High
Cosmos Hub,ATOM,28.8,0.017,0.051,0.035,784802946.0,8346059118.0,3/16/2022,High
Litecoin,LTC,109.44,0.016,0.013,0.089,735718470.0,7629784997.0,3/16/2022,High
Lido Staked Ether,STETH,2745.31,0.026,0.035,0.067,20327033.0,6972219575.0,3/16/2022,High
Near,NEAR,10.61,0.041,0.032,0.091,402450393.0,6885969777.0,3/16/2022,High
Chainlink,LINK,14.41,0.023,0.064,0.102,720924698.0,6696893329.0,3/16/2022,High
TRON,TRX,0.060751876,0.011,0.005,0.003,608305288.0,6139215131.0,3/16/2022,High
FTX Token,FTT,42.37,0.02,0.024,0.045,91093038.0,5803217982.0,3/16/2022,High
Bitcoin Cash,BCH,295.57,0.018,0.015,0.039,1378527955.0,5613130722.0,3/16/2022,High
LEO Token,LEO,5.97,0.007,0.01,0.055,831673.0,5547865232.0,3/16/2022,Low
OKB,OKB,19.05,0.013,0.039,0.072,180398248.0,4944831000.0,3/16/2022,High
Algorand,ALGO,0.731009,0.025,0.014,-0.01,151572159.0,4824820884.0,3/16/2022,High
Stellar,XLM,0.186969,0.017,0.026,0.079,257508818.0,4584325546.0,3/16/2022,High
Uniswap,UNI,9.05,0.032,0.04,0.025,188489995.0,4103226435.0,3/16/2022,High
Hedera,HBAR,0.200008,0.012,-0.007,-0.024,65559083.0,3922919996.0,3/16/2022,High
Axie Infinity,AXS,50.46,0.036,0.062,0.089,288996469.0,3733676299.0,3/16/2022,High
Decentraland,MANA,2.43,0.021,0.065,0.014,481292822.0,3652548066.0,3/16/2022,High
Ethereum Classic,ETC,26.93,0.028,0.031,0.01,315618129.0,3573077723.0,3/16/2022,High
Elrond,EGLD,162.55,0.025,0.049,0.229,318813970.0,3550487729.0,3/16/2022,High
The Sandbox,SAND,3.08,0.009,0.126,0.092,989130040.0,3486478110.0,3/16/2022,High
Internet Computer,ICP,16.26,0.02,0.019,-0.035,158065484.0,3447698400.0,3/16/2022,High
Monero,XMR,189.34,0.003,0.011,-0.073,251596905.0,3416516046.0,3/16/2022,High
cETH,CETH,53.71,-0.001,0.009,0.04,1088.54,3191011869.0,3/16/2022,Low
VeChain,VET,0.047848055,0.028,0.033,0.028,283498801.0,3172681612.0,3/16/2022,High
Fantom,FTM,1.22,0.043,0.022,-0.079,1173101401.0,3072929159.0,3/16/2022,High
Filecoin,FIL,17.27,0.016,0.01,-0.041,264401106.0,3052322720.0,3/16/2022,High
Osmosis,OSMO,9.39,0.014,0.018,-0.001,94042665.0,3040277019.0,3/16/2022,High
Klaytn,KLAY,1.1,0.016,0.023,-0.012,57133059.0,3034567731.0,3/16/2022,High
Frax,FRAX,0.998392,-0.002,0.001,0.0,18194194.0,2866968260.0,3/16/2022,Medium
Waves,WAVES,28.62,0.014,0.081,0.273,1508088374.0,2862185867.0,3/16/2022,High
Theta Network,THETA,2.82,0.032,0.033,-0.004,118835496.0,2798708447.0,3/16/2022,High
Magic Internet Money,MIM,0.997676,0.0,0.004,0.002,44641451.0,2784271477.0,3/16/2022,High
The Graph,GRT,0.440816,0.003,0.041,0.315,388652958.0,2731591470.0,3/16/2022,High
Tezos,XTZ,3.05,0.021,0.025,0.013,114838106.0,2665887669.0,3/16/2022,High
cUSDC,CUSDC,0.022533007,-0.001,0.001,0.001,41.83,2449140377.0,3/16/2022,Low
Helium,HNT,21.72,-0.002,0.048,0.026,22415718.0,2183873719.0,3/16/2022,High
THORChain,RUNE,7.23,0.04,-0.059,0.769,297836092.0,2165143023.0,3/16/2022,High
EOS,EOS,2.06,0.019,0.032,0.048,337828464.0,2019196307.0,3/16/2022,High
ECOMI,OMI,0.003406821,0.019,0.027,-0.219,3444049.0,1976983567.0,3/16/2022,Medium
IOTA,MIOTA,0.712336,0.018,0.011,0.012,26950213.0,1976598984.0,3/16/2022,High
cDAI,CDAI,0.02189579,-0.001,0.0,0.0,93.89,1942222665.0,3/16/2022,Low
Flow,FLOW,5.43,0.017,0.023,-0.053,57457444.0,1923544184.0,3/16/2022,High
Theta Fuel,TFUEL,0.162482,0.024,0.007,0.064,16105407.0,1886178774.0,3/16/2022,Medium
Aave,AAVE,137.44,0.037,0.131,0.129,282336331.0,1862097786.0,3/16/2022,High
Zcash,ZEC,148.94,0.02,0.065,0.075,276825707.0,1801878133.0,3/16/2022,High
Maker,MKR,1982.58,0.029,0.071,0.129,92847731.0,1772467945.0,3/16/2022,High
JUNO,JUNO,38.35,0.018,0.096,-0.03,11491328.0,1747597737.0,3/16/2022,Medium
Gala,GALA,0.227781,0.026,0.047,0.037,551763058.0,1714837250.0,3/16/2022,High
BitTorrent,BTT,1.81e-06,0.007,0.022,0.003,87836205.0,1675881629.0,3/16/2022,High
Arweave,AR,32.52,-0.003,0.074,0.002,50636342.0,1637697784.0,3/16/2022,High
Huobi BTC,HBTC,41217.27,0.026,0.039,0.068,190002.0,1637583015.0,3/16/2022,Low
PancakeSwap,CAKE,5.57,0.026,0.01,-0.068,104112686.0,1530696417.0,3/16/2022,High
Quant,QNT,112.58,0.018,0.003,0.013,23727064.0,1505335556.0,3/16/2022,High
Harmony,ONE,0.127445,0.025,0.017,-0.012,75144435.0,1499937034.0,3/16/2022,High
eCash,XEC,7.93e-05,0.019,-0.005,0.144,37446216.0,1497455570.0,3/16/2022,High
Bitcoin SV,BSV,77.11,0.013,0.015,-0.019,135219354.0,1461042552.0,3/16/2022,High
NEO,NEO,20.13,0.024,0.028,-0.017,148274906.0,1406977569.0,3/16/2022,High
TrueUSD,TUSD,1.0,0.0,0.001,0.001,114862495.0,1404670246.0,3/16/2022,High
Huobi Token,HT,8.98,0.01,0.009,-0.025,32112940.0,1392164927.0,3/16/2022,High
KuCoin Token,KCS,18.41,0.014,0.009,0.02,8578734.0,1390455505.0,3/16/2022,Medium
Celsius Network,CEL,3.18,0.009,0.032,0.098,3927635.0,1346075894.0,3/16/2022,Medium
Stacks,STX,1.26,0.018,0.026,0.183,44370134.0,1317492670.0,3/16/2022,High
Humans.ai,HEART,0.044270475,0.025,0.086,-0.547,1852838.0,1309127902.0,3/16/2022,Low
Enjin Coin,ENJ,1.4,0.018,0.05,0.046,133821819.0,1300650179.0,3/16/2022,High
Basic Attention Token,BAT,0.822605,0.021,0.055,0.251,324813983.0,1223583998.0,3/16/2022,High
NEXO,NEXO,2.19,0.015,0.031,0.098,4583402.0,1222563065.0,3/16/2022,Medium
Amp,AMP,0.025036138,0.018,0.007,0.003,8084731.0,1198878147.0,3/16/2022,Medium
Radix,XRD,0.121859,0.015,0.064,-0.001,215995.0,1198319388.0,3/16/2022,Low
Kusama,KSM,126.84,0.025,0.04,0.038,65896976.0,1132594631.0,3/16/2022,High
Celo,CELO,2.52,0.022,0.037,-0.076,46620149.0,1074226736.0,3/16/2022,High
Kadena,KDA,6.23,0.024,0.009,0.031,58659719.0,1061714057.0,3/16/2022,High
Chiliz,CHZ,0.198241,0.026,0.024,0.02,109408277.0,1049331415.0,3/16/2022,High
Dash,DASH,97.64,0.016,0.005,0.03,245449241.0,1035525179.0,3/16/2022,High
Frax Share,FXS,17.92,0.006,-0.011,0.006,4834916.0,1031430071.0,3/16/2022,Medium
Pax Dollar,USDP,0.999025,-0.002,0.001,-0.001,57639449.0,994783973.0,3/16/2022,High
BitDAO,BIT,1.12,0.025,0.019,0.036,54570658.0,993438990.0,3/16/2022,High
GateToken,GT,6.52,0.012,0.031,-0.005,7695401.0,979761512.0,3/16/2022,Medium
Convex Finance,CVX,18.29,0.038,0.054,0.147,45253981.0,979304335.0,3/16/2022,High
Synthetix Network Token,SNX,4.24,0.053,0.079,0.084,63349615.0,903998693.0,3/16/2022,High
Xido Finance,XIDO,30.86,-0.027,-0.049,0.766,1464061.0,893636559.0,3/16/2022,Low
Loopring,LRC,0.710702,0.03,0.035,-0.033,112235393.0,881663508.0,3/16/2022,High
NEM,XEM,0.098240606,0.021,0.043,0.037,20866042.0,879585159.0,3/16/2022,High
Anchor Protocol,ANC,3.1,0.06,0.088,-0.18,107525684.0,807556039.0,3/16/2022,High
Oasis Network,ROSE,0.227889,0.036,0.07,0.027,65843862.0,794382929.0,3/16/2022,High
Curve DAO Token,CRV,2.02,0.026,0.022,-0.006,150926378.0,791197822.0,3/16/2022,High
Decred,DCR,56.87,0.02,0.143,0.088,25032753.0,787162797.0,3/16/2022,High
cUSDT,CUSDT,0.021768404,0.0,0.0,0.0,8111.5,775425368.0,3/16/2022,Low
Secret,SCRT,4.61,0.017,0.008,0.027,19871872.0,763750478.0,3/16/2022,High
LINK,LN,129.46,0.036,0.018,0.024,1207902.0,759436472.0,3/16/2022,Low
Mina Protocol,MINA,1.81,0.015,0.105,-0.004,70360743.0,756143474.0,3/16/2022,High
Holo,HOT,0.004147966,0.027,0.027,0.028,63199499.0,734353201.0,3/16/2022,High
Compound,COMP,109.58,0.026,0.045,0.052,40756551.0,726097698.0,3/16/2022,High
IoTeX,IOTX,0.076638518,0.042,0.007,0.117,91722669.0,717099434.0,3/16/2022,High
Bitkub Coin,KUB,7.89,0.004,0.0,-0.034,2193655.0,698922310.0,3/16/2022,Low
Neutrino USD,USDN,1.0,0.003,-0.001,0.007,15319422.0,687954763.0,3/16/2022,Medium
yearn.finance,YFI,18982.86,0.017,0.017,-0.014,81875140.0,678377900.0,3/16/2022,High
Nexus Mutual,NXM,92.51,0.026,0.035,0.065,1909.73,633750394.0,3/16/2022,Low
XDC Network,XDC,0.050635432,-0.002,-0.022,0.097,9930593.0,616292915.0,3/16/2022,Medium
1inch,1INCH,1.5,0.021,0.111,0.163,120457113.0,616145134.0,3/16/2022,High
WAX,WAXP,0.274089,0.021,0.02,0.0,26837225.0,615219740.0,3/16/2022,High
Smooth Love Potion,SLP,0.016547553,0.019,0.018,-0.076,99341158.0,614525601.0,3/16/2022,High
Qtum,QTUM,5.95,0.029,0.023,0.036,79032386.0,612948390.0,3/16/2022,High
PAX Gold,PAXG,1935.78,0.007,0.005,-0.057,30748651.0,611668819.0,3/16/2022,High
Sushi,SUSHI,3.12,0.036,0.069,0.082,132202954.0,603245561.0,3/16/2022,High
renBTC,RENBTC,40555.22,0.016,0.034,0.048,14829115.0,602582895.0,3/16/2022,Medium
Livepeer,LPT,23.82,0.03,0.023,0.024,11291907.0,589774119.0,3/16/2022,Medium
Ankr,ANKR,0.072181813,0.023,0.016,-0.064,40789205.0,587511707.0,3/16/2022,High
Bancor Network Token,BNT,2.29,0.017,0.033,0.062,26117403.0,583581643.0,3/16/2022,High
Pocket Network,POKT,0.699085,0.019,-0.003,-0.055,974551.0,580439408.0,3/16/2022,Low
Marinade staked SOL,MSOL,88.63,0.025,0.014,0.043,18662090.0,578275391.0,3/16/2022,Medium
OMG Network,OMG,4.11,0.019,0.016,0.081,106689838.0,574825195.0,3/16/2022,High
Zilliqa,ZIL,0.041008132,0.033,0.032,0.047,37965285.0,571307984.0,3/16/2022,High
SafeMoon,SFM,0.001028389,0.038,-0.034,-0.088,406894.0,566255393.0,3/16/2022,Low
Render Token,RNDR,2.43,0.024,0.035,-0.031,23720000.0,560228533.0,3/16/2022,High
Fei USD,FEI,1.0,0.001,0.0,0.003,10254055.0,557210659.0,3/16/2022,Medium
Gnosis,GNO,298.83,0.021,0.025,-0.003,2883611.0,553256284.0,3/16/2022,Low
ICON,ICX,0.753601,0.026,-0.013,0.21,45059623.0,549632622.0,3/16/2022,High
Ravencoin,RVN,0.051804162,0.027,0.042,0.006,19390191.0,538520749.0,3/16/2022,High
IOST,IOST,0.02256876,0.025,0.011,0.015,35343794.0,517770891.0,3/16/2022,High
Bitcoin Gold,BTG,29.74,0.018,0.028,0.032,9146317.0,517358240.0,3/16/2022,Medium
Kava,KAVA,3.16,0.023,0.035,0.034,22753924.0,504959645.0,3/16/2022,High
UMA,UMA,7.74,0.018,0.018,-0.016,46067620.0,503487995.0,3/16/2022,High
OEC Token,OKT,32.27,0.023,0.01,-0.062,5163788.0,488521386.0,3/16/2022,Medium
Songbird,SGB,0.062799688,0.022,0.006,-0.137,2629530.0,486741272.0,3/16/2022,Low
e-Radix,EXRD,0.122181,0.022,0.063,0.004,2588295.0,484119330.0,3/16/2022,Low
Velas,VLX,0.213154,0.0,0.004,-0.037,4105033.0,483094532.0,3/16/2022,Medium
Rocket Pool,RPL,30.03,0.024,0.041,0.15,578038.0,480593962.0,3/16/2022,Low
Tether Gold,XAUT,1950.12,0.003,-0.002,-0.044,3689853.0,480346972.0,3/16/2022,Medium
Moonbeam,GLMR,2.38,0.023,0.038,-0.036,37324761.0,476681084.0,3/16/2022,High
Sapphire,SAPP,0.564647,0.02,0.001,0.014,432768.0,470978131.0,3/16/2022,Low
Horizen,ZEN,38.73,0.015,0.061,0.026,29127070.0,469969529.0,3/16/2022,High
WOO Network,WOO,0.492556,0.019,0.087,0.124,60339780.0,467152311.0,3/16/2022,High
Liquity USD,LUSD,1.0,0.0,0.0,-0.008,3222808.0,464727068.0,3/16/2022,Medium
Golem,GLM,0.465346,0.016,0.022,-0.085,15905189.0,464458665.0,3/16/2022,Medium
Rally,RLY,0.180078,0.026,0.001,-0.058,3356848.0,464413872.0,3/16/2022,Medium
Baby Doge Coin,BABYDOGE,2.86e-09,0.026,0.021,-0.039,10651029.0,452640717.0,3/16/2022,Medium
Audius,AUDIO,0.735289,0.027,0.026,0.02,7909768.0,447883958.0,3/16/2022,Medium
Siacoin,SC,0.008880297,0.018,0.022,-0.004,12295120.0,446937901.0,3/16/2022,Medium
Metis Token,METIS,146.38,0.026,0.009,-0.047,38905039.0,436965500.0,3/16/2022,High
Ontology,ONT,0.499727,0.021,0.029,-0.011,30824913.0,433758425.0,3/16/2022,High
0x,ZRX,0.509791,0.025,0.035,0.028,29309302.0,427933388.0,3/16/2022,High
APENFT,NFT,1.52e-06,0.004,0.005,-0.047,69002807.0,421365369.0,3/16/2022,High
SKALE,SKL,0.12635,0.013,0.043,0.112,11283316.0,407687711.0,3/16/2022,Medium
SwissBorg,CHSB,0.428284,0.022,0.026,-0.054,1063375.0,403883855.0,3/16/2022,Low
dYdX,DYDX,4.64,0.029,0.032,-0.036,95015055.0,396760804.0,3/16/2022,High
Dogelon Mars,ELON,7.24e-07,0.043,0.072,0.028,10950097.0,394017729.0,3/16/2022,Medium
Olympus,OHM,28.12,0.014,-0.019,-0.086,3529301.0,390854092.0,3/16/2022,Medium
Constellation,DAG,0.152116,0.013,-0.013,0.249,1019712.0,382521151.0,3/16/2022,Low
Synapse,SYN,2.17,0.012,-0.078,0.0,9229483.0,380868743.0,3/16/2022,Medium
Immutable X,IMX,1.57,0.043,0.012,0.049,87629552.0,365315958.0,3/16/2022,High
Convex CRV,CVXCRV,1.95,0.038,0.021,0.007,96902.91,364340007.0,3/16/2022,Low
Everdome,DOME,0.042328407,-0.004,0.09,-0.07,44769576.0,363656510.0,3/16/2022,High
Gemini Dollar,GUSD,1.0,0.003,0.001,0.001,3181078.0,355825684.0,3/16/2022,Low
JUST,JST,0.048936164,0.013,0.005,0.033,74944693.0,355779812.0,3/16/2022,High
Decentralized Social,DESO,33.97,0.005,0.111,0.192,768392.0,354095011.0,3/16/2022,Low
Polymath,POLY,0.384838,0.017,0.014,-0.036,12205658.0,344258737.0,3/16/2022,Medium
NuCypher,NU,0.419373,0.004,0.01,-0.098,4321357.0,342894249.0,3/16/2022,Medium
REN,REN,0.338855,0.032,0.012,-0.012,41048178.0,337192089.0,3/16/2022,High
Keep Network,KEEP,0.609779,0.012,0.019,-0.066,2299639.0,333366751.0,3/16/2022,Low
Illuvium,ILV,519.92,0.023,0.038,0.033,11072513.0,332435430.0,3/16/2022,Medium
Flux,FLUX,1.43,0.016,0.022,0.087,15489371.0,330216558.0,3/16/2022,Medium
Ethereum Name Service,ENS,14.05,0.04,0.043,0.016,39284120.0,326307175.0,3/16/2022,High
Hive,HIVE,0.869127,0.015,0.041,0.011,12455971.0,322775766.0,3/16/2022,Medium
Lido DAO,LDO,2.98,0.041,0.085,0.515,4675420.0,321983024.0,3/16/2022,Medium
STEPN,GMT,0.534126,0.073,0.573,2.935,1013704817.0,318571623.0,3/16/2022,High
Spell Token,SPELL,0.003547902,0.015,0.009,-0.059,27285439.0,317144040.0,3/16/2022,High
Nervos Network,CKB,0.010554841,0.014,0.02,-0.015,6162463.0,316458006.0,3/16/2022,Medium
Kyber Network Crystal,KNC,3.06,0.025,0.008,0.002,40287449.0,313785580.0,3/16/2022,High
FLEX Coin,FLEX,3.97,0.002,0.006,-0.002,1326196326.0,311600507.0,3/16/2022,High
HUSD,HUSD,0.999103,0.0,0.001,0.0,43235094.0,310668205.0,3/16/2022,High
Ultra,UOS,1.15,0.01,0.024,-0.037,8976424.0,308351253.0,3/16/2022,Medium
ConstitutionDAO,PEOPLE,0.060612313,0.061,0.102,0.075,143678395.0,307184638.0,3/16/2022,High
LooksRare,LOOKS,1.29,0.086,0.177,0.231,48697099.0,306843547.0,3/16/2022,High
DeFi Kingdoms,JEWEL,4.16,0.04,0.016,-0.074,11440253.0,302825745.0,3/16/2022,Medium
Telcoin,TEL,0.004899527,0.008,0.027,-0.011,2843059.0,301743735.0,3/16/2022,Low
Tomb,TOMB,1.18,0.031,0.01,-0.054,14140774.0,300452818.0,3/16/2022,Medium
Stargaze,STARS,0.401895,0.014,-0.005,-0.125,1726553.0,300351592.0,3/16/2022,Low
DigiByte,DGB,0.01966813,0.03,0.018,0.059,15693285.0,297257419.0,3/16/2022,Medium
DigitalBits,XDB,0.389141,0.023,0.216,0.209,3821494.0,296998483.0,3/16/2022,Medium
Syscoin,SYS,0.468329,0.023,-0.031,-0.074,12673226.0,296323527.0,3/16/2022,Medium
Lisk,LSK,2.03,0.015,0.006,0.019,7600165.0,293297599.0,3/16/2022,Medium
Tokemak,TOKE,25.32,0.03,0.076,-0.004,6123881.0,292863833.0,3/16/2022,Medium
Nano,XNO,2.2,-0.006,0.288,0.312,109830513.0,292516870.0,3/16/2022,High
Tenset,10SET,3.3,0.016,0.03,0.434,3059468.0,289328276.0,3/16/2022,Low
PlayDapp,PLA,0.797778,0.021,0.04,-0.013,17641285.0,288940736.0,3/16/2022,Medium
SafeMoon [OLD],SAFEMOON,5.06e-07,0.02,0.025,0.003,3503.42,277800683.0,3/16/2022,Low
Ronin,RON,1.86,0.023,0.029,-0.004,2243276.0,276423433.0,3/16/2022,Low
Persistence,XPRT,3.3,0.012,0.045,0.038,2580206.0,273550379.0,3/16/2022,Low
Radio Caca,RACA,0.001341144,0.028,0.041,0.099,15540182.0,273386276.0,3/16/2022,Medium
Pirate Chain,ARRR,1.44,0.023,0.028,0.312,1431339.0,269625697.0,3/16/2022,Low
MAI,MIMATIC,0.99909,0.002,0.006,0.002,11703582.0,269555684.0,3/16/2022,Medium
Casper Network,CSPR,0.063408018,0.023,0.101,0.019,11186869.0,262580070.0,3/16/2022,Medium
Everscale,EVER,0.191627,-0.011,-0.009,0.001,6416.99,261949792.0,3/16/2022,Low
SXP,SXP,1.34,0.022,0.059,0.038,71885529.0,258788391.0,3/16/2022,High
Floki Inu,FLOKI,2.83e-05,0.04,0.042,-0.037,6481180.0,257703958.0,3/16/2022,Medium
Zenon,ZNN,5.35,0.011,0.025,-0.019,42667.91,257245207.0,3/16/2022,Low
Injective,INJ,5.33,0.027,0.024,0.021,16026155.0,256116913.0,3/16/2022,Medium
MXC,MXC,0.104299,0.0,0.031,0.175,21346445.0,255853059.0,3/16/2022,High
WINkLink,WIN,0.000266334,0.011,0.02,-0.009,126343198.0,255157055.0,3/16/2022,High
WazirX,WRX,0.558123,0.012,-0.002,-0.073,7071983.0,254216018.0,3/16/2022,Medium
Perpetual Protocol,PERP,3.85,0.019,0.012,-0.009,8343005.0,251018197.0,3/16/2022,Medium
Mobox,MBOX,2.04,0.026,-0.024,0.06,38070293.0,250469440.0,3/16/2022,High
Astroport,ASTRO,2.02,0.034,-0.001,0.396,5991169.0,249658255.0,3/16/2022,Medium
Trust Wallet Token,TWT,0.721272,0.026,-0.084,0.065,45061838.0,248213542.0,3/16/2022,High
Serum,SRM,1.87,0.02,0.026,0.034,40405418.0,247791442.0,3/16/2022,High
Coin98,C98,1.34,0.024,0.035,0.066,52212880.0,247303702.0,3/16/2022,High
Mirror Protocol,MIR,1.71,0.016,-0.046,0.13,109251651.0,247146075.0,3/16/2022,High
Zipmex Token,ZMT,2.79,-0.002,0.004,-0.005,14206660.0,246790193.0,3/16/2022,Medium
Tribe,TRIBE,0.543192,0.011,0.01,0.029,8017450.0,246535822.0,3/16/2022,Medium
VVS Finance,VVS,2.23e-05,0.018,0.022,-0.087,3849460.0,235411080.0,3/16/2022,Medium
Metahero,HERO,0.045156504,0.023,0.034,-0.106,8366250.0,233755062.0,3/16/2022,Medium
Creditcoin,CTC,1.14,0.015,0.015,0.023,3179625.0,233390471.0,3/16/2022,Low
Lido Staked SOL,STSOL,87.91,0.024,0.013,0.04,4624558.0,233265607.0,3/16/2022,Medium
API3,API3,4.7,0.028,-0.008,-0.101,29731985.0,230984150.0,3/16/2022,High
Escoin Token,ELG,3.37,0.024,0.021,0.051,685965.0,228752259.0,3/16/2022,Low
Function X,FX,0.488809,0.019,0.005,-0.005,2065790.0,228173732.0,3/16/2022,Low
Raydium,RAY,2.51,0.013,0.056,0.035,33025947.0,227133027.0,3/16/2022,High
CoinEx Token,CET,0.061152344,0.005,0.035,0.072,862651.0,226665111.0,3/16/2022,Low
Euro Tether,EURT,1.1,0.004,0.008,0.012,25282592.0,226370344.0,3/16/2022,High
Fetch.ai,FET,0.327851,0.022,0.007,0.024,21546674.0,224454559.0,3/16/2022,High
Dent,DENT,0.002351314,0.023,0.017,0.008,18982568.0,223840664.0,3/16/2022,Medium
Chia,XCH,65.15,0.012,-0.021,-0.084,10252044.0,221396095.0,3/16/2022,Medium
Status,SNT,0.056745128,0.012,0.007,-0.034,7688360.0,219753630.0,3/16/2022,Medium
Power Ledger,POWR,0.503878,0.01,0.005,-0.023,32211271.0,216689443.0,3/16/2022,High
Medibloc,MED,0.040119248,0.011,0.025,0.025,7724520.0,215001420.0,3/16/2022,Medium
xSUSHI,XSUSHI,3.8,0.002,0.033,0.055,107293.0,213613208.0,3/16/2022,Low
Chromia,CHR,0.37938,0.029,0.045,0.031,58407751.0,213564555.0,3/16/2022,High
Yield Guild Games,YGG,2.43,0.027,0.009,-0.057,17537941.0,212099797.0,3/16/2022,Medium
Telos,TLOS,0.819159,0.02,0.052,-0.096,4398496.0,212084558.0,3/16/2022,Medium
COTI,COTI,0.201515,0.017,0.048,0.008,15582614.0,210898806.0,3/16/2022,Medium
Alchemix USD,ALUSD,0.997171,-0.001,-0.001,0.0,3032734.0,208898318.0,3/16/2022,Low
Celer Network,CELR,0.03706891,0.029,0.028,-0.003,35862409.0,208463091.0,3/16/2022,High
Orbs,ORBS,0.072194785,0.006,0.02,0.023,28204447.0,208178410.0,3/16/2022,High
Vulcan Forged,PYR,8.73,0.027,0.039,-0.044,38526780.0,207895650.0,3/16/2022,High
Energy Web Token,EWT,4.91,0.015,-0.009,0.042,2224285.0,205388247.0,3/16/2022,Low
Astar,ASTR,0.10323,0.009,0.007,0.032,7991761.0,205235595.0,3/16/2022,Medium
Origin Protocol,OGN,0.434115,0.007,-0.068,0.612,182478529.0,205164994.0,3/16/2022,High
Cratos,CRTS,0.002952177,-0.009,-0.037,-0.13,13535131.0,203670465.0,3/16/2022,Medium
Ocean Protocol,OCEAN,0.469383,0.028,0.051,0.074,22022827.0,202627972.0,3/16/2022,High
XYO Network,XYO,0.016347118,0.001,0.009,-0.032,4569339.0,202482367.0,3/16/2022,Medium
Dopex,DPX,1126.14,0.034,0.006,0.031,4629323.0,200498616.0,3/16/2022,Medium
PLEX,PLEX,0.815228,0.013,0.028,-0.008,15377424.0,198958494.0,3/16/2022,Medium
LUKSO Token,LYXE,13.05,0.016,0.015,-0.001,1147300.0,198688328.0,3/16/2022,Low
DAO Maker,DAO,2.19,0.012,-0.01,-0.042,3559341.0,196210425.0,3/16/2022,Medium
Boba Network,BOBA,1.21,0.007,0.061,0.136,4382013.0,192933914.0,3/16/2022,Medium
Mdex,MDX,0.223833,0.018,0.029,0.051,7274677.0,192821569.0,3/16/2022,Medium
UFO Gaming,UFO,7.53e-06,0.03,0.033,-0.009,5098371.0,191533622.0,3/16/2022,Medium
Ardor,ARDR,0.192938,0.014,0.02,-0.011,6272018.0,191059042.0,3/16/2022,Medium
Pundi X,PUNDIX,0.740085,0.014,0.022,-0.006,4296268.0,190637766.0,3/16/2022,Medium
Mask Network,MASK,4.05,0.032,0.07,0.023,46857218.0,189430950.0,3/16/2022,High
Kyber Network Crystal Legacy,KNCL,3.07,0.025,0.02,0.0,191301772.0,189342359.0,3/16/2022,High
Interest Bearing Bitcoin,IBBTC,40647.97,0.019,0.023,0.052,3253.9,187618251.0,3/16/2022,Low
Coinmetro,XCM,0.609647,0.005,-0.055,-0.017,54700.31,184318822.0,3/16/2022,Low
MX Token,MX,1.86,0.016,0.017,0.029,380193.0,184031159.0,3/16/2022,Low
Reserve Rights Token,RSR,0.013806376,0.015,0.136,0.133,58160962.0,182389151.0,3/16/2022,High
Radicle,RAD,4.43,0.018,0.016,0.021,5082786.0,182383890.0,3/16/2022,Medium
Conflux,CFX,0.116231,0.02,0.007,-0.072,4957635.0,180397101.0,3/16/2022,Medium
Wonderland,TIME,196.83,0.017,0.011,-0.085,1483133.0,179963381.0,3/16/2022,Low
XSGD,XSGD,0.73676,0.004,0.004,0.006,4120965.0,179572544.0,3/16/2022,Medium
MiL.k Alliance,MLK,0.81278,0.012,0.029,0.028,6771412.0,179537968.0,3/16/2022,Medium
Civic,CVC,0.268256,0.024,0.056,0.032,15009057.0,179389403.0,3/16/2022,Medium
Unibright,UBT,1.18,0.022,0.176,0.654,2875621.0,177414204.0,3/16/2022,Low
Aragon,ANT,4.62,0.027,0.05,0.051,31404911.0,176410722.0,3/16/2022,High
Yoshi.exchange,YOSHI,1.34,0.038,0.135,0.244,3113291.0,173731724.0,3/16/2022,Low
SuperFarm,SUPER,0.606166,0.025,0.012,0.023,15865086.0,173202752.0,3/16/2022,Medium
Divi,DIVI,0.06259334,-0.003,0.057,-0.041,232874.0,172881299.0,3/16/2022,Low
BTSE Token,BTSE,8.42,0.006,0.012,0.127,1644847.0,170044358.0,3/16/2022,Low
GMX,GMX,22.78,0.028,0.038,-0.062,3864455.0,168867621.0,3/16/2022,Medium
Request,REQ,0.218404,0.018,-0.001,0.122,18881863.0,168625356.0,3/16/2022,Medium
Multichain,MULTI,9.19,0.014,0.049,-0.195,1481745.0,168453270.0,3/16/2022,Low
Ergo,ERG,3.26,0.006,0.004,0.082,945449.0,168320273.0,3/16/2022,Low
Rari Governance Token,RGT,14.92,0.021,-0.025,0.02,590959.0,167699043.0,3/16/2022,Low
FEG Token BSC,FEG,3.98e-09,0.028,0.0,0.05,505356.0,166612893.0,3/16/2022,Low
Alchemy Pay,ACH,0.040564969,0.018,0.035,-0.003,9350241.0,166194387.0,3/16/2022,Medium
Numeraire,NMR,28.13,0.013,0.027,0.0,5247599.0,165855215.0,3/16/2022,Medium
Power Cash,PRCH,0.00054874,-0.01,-0.023,-0.007,107256.0,164420955.0,3/16/2022,Low
Moonriver,MOVR,48.85,0.021,-0.025,-0.062,23687001.0,163974343.0,3/16/2022,High
sBTC,SBTC,40609.35,0.02,0.026,0.054,1195100.0,162541982.0,3/16/2022,Low
Cartesi,CTSI,0.311626,0.02,-0.01,0.02,16935581.0,161866858.0,3/16/2022,Medium
JOE,JOE,0.883671,0.032,0.035,-0.097,8255024.0,161542087.0,3/16/2022,Medium
Veritaseum,VERI,75.29,0.034,0.502,0.4,128316.0,161292251.0,3/16/2022,Low
Bifrost,BFC,0.149179,0.013,0.017,0.01,1366910.0,157313585.0,3/16/2022,Low
inSure DeFi,SURE,0.005989953,0.025,0.121,0.163,1229192.0,156870603.0,3/16/2022,Low
Aurora,AURORA,6.85,-0.001,-0.02,-0.059,1292731.0,155499279.0,3/16/2022,Low
AscendEx Token,ASD,0.210282,0.006,-0.012,-0.03,2234800.0,154656421.0,3/16/2022,Low
Reef Finance,REEF,0.008455524,0.024,0.025,0.034,21823319.0,153505883.0,3/16/2022,High
World Mobile Token,WMT,0.656382,0.002,0.005,-0.005,1215991.0,153058923.0,3/16/2022,Low
Mango,MNGO,0.148804,0.021,0.011,-0.026,535237.0,152354623.0,3/16/2022,Low
Beldex,BDX,0.101366,0.018,0.013,0.44,172723.0,152144019.0,3/16/2022,Low
Poollotto.finance,PLT,17.61,0.004,0.004,0.015,737205.0,152110576.0,3/16/2022,Low
Biconomy,BICO,1.31,0.012,0.077,0.035,29389338.0,151360962.0,3/16/2022,High
FEG Token,FEG,3.71e-09,0.017,0.009,0.024,1093047.0,151073649.0,3/16/2022,Low
BNB48 Club Token,KOGE,75.36,0.006,0.016,-0.0005,8343005.0,151006279.0,3/16/2022,Medium
Ion,ION,7053.41,0.007,0.001,-0.143,100410.0,150512232.0,3/16/2022,Low
MMFinance,MMF,1.1,0.015,0.043,0.325,41252022.0,150442869.0,3/16/2022,High
Origin Dollar,OUSD,0.993428,0.001,-0.002,0.001,886336.0,150338408.0,3/16/2022,Low
Verge,XVG,0.00912706,0.024,0.027,-0.047,4578538.0,149908633.0,3/16/2022,Medium
Kishu Inu,KISHU,1.54e-09,0.046,0.094,0.147,7104908.0,149823531.0,3/16/2022,Medium
Band Protocol,BAND,3.62,0.027,0.05,0.043,25806815.0,149778191.0,3/16/2022,High
Tokamak Network,TON,3.57,0.01,0.025,-0.024,2216118.0,149004019.0,3/16/2022,Low
Storj,STORJ,1.04,0.023,0.042,0.106,29384442.0,147999404.0,3/16/2022,High
VeThor Token,VTHO,0.003245193,0.021,-0.004,0.062,5301268.0,147086117.0,3/16/2022,Medium
USDX,USDX,0.969027,0.008,0.015,0.001,876536.0,146788183.0,3/16/2022,Low
OriginTrail,TRAC,0.400529,0.016,0.009,-0.042,2381151.0,146343514.0,3/16/2022,Low
Merit Circle,MC,2.09,0.025,0.068,0.036,25892084.0,146317069.0,3/16/2022,High
aelf,ELF,0.318783,0.018,0.016,-0.012,12922826.0,145914636.0,3/16/2022,Medium
Akash Network,AKT,1.09,0.016,-0.001,0.019,1755865.0,145104697.0,3/16/2022,Low
GPEX,GPX,3.83,0.006,0.002,-0.072,179427.0,144648026.0,3/16/2022,Low
StarLink,STARL,1.44e-05,0.045,0.022,-0.004,13867876.0,143867182.0,3/16/2022,Medium
Pundi X [OLD],NPXS,0.000600992,0.0,-0.015,-0.128,0.0,142146180.0,3/16/2022,Low
Acala,ACA,1.1,0.035,0.022,0.018,13275096.0,140584940.0,3/16/2022,Medium
Orchid Protocol,OXT,0.237795,0.021,0.0,0.066,12106980.0,139760673.0,3/16/2022,Medium
Beta Finance,BETA,0.387492,0.019,0.012,-0.072,18604900.0,138948965.0,3/16/2022,Medium
Ark,ARK,0.834377,0.007,0.017,-0.028,2749604.0,137522294.0,3/16/2022,Low
STASIS EURO,EURS,1.1,0.006,0.008,0.014,4643750.0,136959838.0,3/16/2022,Medium
Magic,MAGIC,2.78,0.069,0.283,0.004,7430205.0,136718105.0,3/16/2022,Medium
Keep3rV1,KP3R,360.63,0.007,0.022,0.006,22218089.0,135437476.0,3/16/2022,High
Polkastarter,POLS,1.54,0.03,-0.012,0.31,200132514.0,135061007.0,3/16/2022,High
Hxro,HXRO,0.305377,0.008,0.014,-0.062,133516.0,133894630.0,3/16/2022,Low
flexUSD,FLEXUSD,1.01,0.001,0.0,0.004,179309.0,132954034.0,3/16/2022,Low
Bezoge Earth,BEZOGE,3.05e-09,0.012,-0.005,-0.041,189402.0,132913608.0,3/16/2022,Low
MaidSafeCoin,MAID,0.29492,0.023,0.01,0.045,3041.72,132775927.0,3/16/2022,Low
Prometeus,PROM,7.96,0.017,0.008,0.015,1069360.0,130200675.0,3/16/2022,Low
Iron Bank EURO,IBEUR,1.08,0.0,-0.004,0.009,95258.1,130044220.0,3/16/2022,Low
Metadium,META,0.076908862,0.007,-0.036,0.046,32828560.0,129878030.0,3/16/2022,High
Sperax,SPA,0.166557,0.008,-0.017,-0.021,464074.0,129752776.0,3/16/2022,Low
iExec RLC,RLC,1.81,0.019,0.057,0.075,6449965.0,129524554.0,3/16/2022,Medium
DUSK Network,DUSK,0.325281,0.021,-0.046,-0.038,27805515.0,129420731.0,3/16/2022,High
DEAPCOIN,DEP,0.027606423,0.004,-0.009,-0.133,5292541.0,128916638.0,3/16/2022,Medium
StormX,STMX,0.013991864,0.025,0.022,0.003,2316593.0,128800635.0,3/16/2022,Low
RMRK,RMRK,13.65,0.03,0.044,0.006,4743523.0,128405686.0,3/16/2022,Medium
Qredo,QRDO,2.55,0.035,0.134,0.089,23819831.0,126060547.0,3/16/2022,High
Stratis,STRAX,0.931273,0.015,0.026,-0.014,3193483.0,125656753.0,3/16/2022,Low
STP Network,STPT,0.085865789,0.007,0.006,-0.041,11751380.0,125461512.0,3/16/2022,Medium
Steem,STEEM,0.315524,0.013,0.01,0.009,6019119.0,124507907.0,3/16/2022,Medium
Alpha Finance,ALPHA,0.279294,0.018,0.054,0.021,7405255.0,124373230.0,3/16/2022,Medium
NKN,NKN,0.192439,0.03,0.078,0.064,9196680.0,124009174.0,3/16/2022,Medium
RSK Infrastructure Framework,RIF,0.150149,0.017,0.032,0.007,1193005.0,123524355.0,3/16/2022,Low
Balancer,BAL,11.45,0.028,0.022,0.01,24421512.0,123217404.0,3/16/2022,High
Dawn Protocol,DAWN,1.7,0.016,0.023,0.033,2418035.0,122765002.0,3/16/2022,Low
GXChain,GXC,1.64,0.021,-0.008,-0.019,11166637.0,122187268.0,3/16/2022,Medium
Sun Token,SUN,0.011599572,0.012,0.013,0.02,35127631.0,121791772.0,3/16/2022,High
Dero,DERO,10.86,0.034,0.015,-0.141,810741.0,120268451.0,3/16/2022,Low
Kirobo,KIRO,0.126408,0.019,0.019,-0.074,30233.26,119964465.0,3/16/2022,Low
Alien Worlds,TLM,0.09654588,0.036,0.039,-0.002,44383919.0,119120382.0,3/16/2022,High
Strike,STRK,37.95,0.007,0.014,-0.031,9721665.0,118658676.0,3/16/2022,Medium
Aavegotchi,GHST,1.95,0.007,0.008,0.017,28297857.0,117328055.0,3/16/2022,High
Victoria VR,VR,0.144477,0.051,-0.003,0.032,7068380.0,117291824.0,3/16/2022,Medium
Ankr Reward-Bearing Staked ETH,AETHC,2196.39,0.021,0.002,-0.02,1309490.0,116894099.0,3/16/2022,Low
Decentral Games,DG,0.306293,0.005,0.002,0.003,854759.0,116422219.0,3/16/2022,Low
Meerkat Shares,MSHARE,12965.17,0.013,0.03,0.922,8304162.0,115928010.0,3/16/2022,Medium
FUNToken,FUN,0.010933267,0.012,-0.004,-0.011,853332.0,115804492.0,3/16/2022,Low
THORChain (ERC20),RUNE,7.15,0.07,-0.07,0.762,1838591.0,115794807.0,3/16/2022,Low
TrueFi,TRU,0.180166,0.025,-0.008,0.069,9656824.0,115725924.0,3/16/2022,Medium
agEUR,AGEUR,1.1,0.003,0.003,0.011,3811883.0,115711833.0,3/16/2022,Medium
sETH2,SETH2,2740.47,0.027,0.035,0.068,19698.74,114815124.0,3/16/2022,Low
Maple,MPL,25.38,-0.005,-0.019,0.154,3006803.0,114666914.0,3/16/2022,Low
Spookyswap,BOO,12.83,0.028,-0.028,-0.109,5125254.0,114555634.0,3/16/2022,Medium
AIOZ Network,AIOZ,0.237396,0.047,0.287,0.241,13715452.0,114207956.0,3/16/2022,Medium
Tomb Shares,TSHARE,2920.47,0.043,0.077,-0.351,10610367.0,113643147.0,3/16/2022,Medium
Beefy.Finance,BIFI,1455.73,0.012,0.047,-0.059,1429792.0,112999254.0,3/16/2022,Low
TitanSwap,TITAN,1.13,0.0,-0.002,-0.072,24704.16,112504097.0,3/16/2022,Low
Phantasma,SOUL,1.08,0.028,0.13,-0.024,2762350.0,112079479.0,3/16/2022,Low
Tornado Cash,TORN,47.91,0.023,0.006,-0.071,10096292.0,111960444.0,3/16/2022,Medium
Alchemix,ALCX,95.14,0.028,-0.042,-0.125,8581305.0,111651916.0,3/16/2022,Medium
DODO,DODO,0.391699,0.033,0.064,0.0,53854854.0,111498427.0,3/16/2022,High
Hoo Token,HOO,1.34,-0.002,0.049,-0.014,8376366.0,111488236.0,3/16/2022,Medium
BTC Standard Hashrate Token,BTCST,15.38,0.032,0.022,-0.08,10770376.0,110711281.0,3/16/2022,Medium
KardiaChain,KAI,0.03310605,0.005,0.012,0.092,3633167.0,110596002.0,3/16/2022,Medium
Klever,KLV,0.021137783,0.027,0.034,0.054,4429411.0,109983784.0,3/16/2022,Medium
Orion Protocol,ORN,3.13,0.066,0.069,0.022,10611478.0,108618470.0,3/16/2022,Medium
BENQI Liquid Staked AVAX,SAVAX,73.3,0.035,0.036,0.003,232010.0,108588792.0,3/16/2022,Low
PlatON Network,LAT,0.045411075,0.011,0.01,-0.058,4190176.0,108434635.0,3/16/2022,Medium
Hathor,HTR,0.479597,0.052,0.047,0.025,3389005.0,108345431.0,3/16/2022,Medium
Kava Swap,SWP,1.81,-0.009,-0.013,0.02,1850449.0,107989085.0,3/16/2022,Low
Proton,XPR,0.01097843,0.022,-0.02,-0.067,4912504.0,107238670.0,3/16/2022,Medium
Utrust,UTK,0.233365,0.018,-0.011,-0.007,6103029.0,107165105.0,3/16/2022,Medium
Regen,REGEN,0.862787,0.018,0.036,0.002,113190.0,106505797.0,3/16/2022,Low
My Neighbor Alice,ALICE,6.07,0.032,0.057,-0.002,99300009.0,105126141.0,3/16/2022,High
BakerySwap,BAKE,0.548429,0.027,0.033,-0.005,11013168.0,104901896.0,3/16/2022,Medium
QuarkChain,QKC,0.015632618,0.009,0.006,-0.019,2276212.0,103653419.0,3/16/2022,Low
Hydra,HYDRA,8.93,0.005,-0.089,-0.004,444955.0,103576699.0,3/16/2022,Low
TomoChain,TOMO,1.17,0.02,0.046,0.039,5201034.0,103142455.0,3/16/2022,Medium
Pylon Protocol,MINE,0.053553942,0.011,0.046,0.093,1026416.0,102790559.0,3/16/2022,Low
Ellipsis,EPS,0.164725,0.014,0.036,0.042,8159278.0,102630468.0,3/16/2022,Medium
Venus,XVS,8.52,0.017,0.007,-0.011,7769662.0,102446263.0,3/16/2022,Medium
Railgun,RAIL,1.78,0.013,0.056,-0.041,448935.0,102343090.0,3/16/2022,Low
Seedify.fund,SFUND,4.33,0.016,0.033,-0.161,3442729.0,102337446.0,3/16/2022,Medium
Hermez Network,HEZ,6.09,0.009,0.003,0.014,105821.0,102164945.0,3/16/2022,Low
Alpine F1 Team Fan Token,ALPINE,8.76,0.003,0.049,1.718,153521893.0,99922202.0,3/16/2022,High
ICHI,ICHI,22.69,0.023,0.049,0.133,910181.0,99403281.0,3/16/2022,Low
JasmyCoin,JASMY,0.021231711,0.005,0.253,0.913,480261670.0,99367227.0,3/16/2022,High
CRYPTO20,C20,2.94,0.006,-0.047,-0.011,53097.41,98979226.0,3/16/2022,Low
Decentral Games Governance,XDG,0.32163,0.01,0.013,0.002,121569.0,98858963.0,3/16/2022,Low
Metal,MTL,1.52,0.024,0.029,-0.007,12492929.0,98095635.0,3/16/2022,Medium
Wilder World,WILD,1.17,0.065,-0.002,-0.127,4735954.0,97124495.0,3/16/2022,Medium
Wrapped Centrifuge,WCFG,0.486023,0.004,0.021,-0.008,1702240.0,97035126.0,3/16/2022,Low
Bitcoin Diamond,BCD,0.515751,0.008,0.025,-0.016,823683.0,96592411.0,3/16/2022,Low
cBAT,CBAT,0.013887823,0.006,0.016,-0.0005,8343005.0,96585801.0,3/16/2022,Medium
sUSD,SUSD,0.995877,-0.001,0.001,-0.002,8450530.0,95584478.0,3/16/2022,Medium
sETH,SETH,2732.47,0.025,0.034,0.065,5049393.0,95094991.0,3/16/2022,Medium
Bounce,AUCTION,13.1,0.016,0.018,0.027,1741028.0,94296802.0,3/16/2022,Low
Augur,REP,13.43,0.019,0.02,-0.015,7904878.0,93213520.0,3/16/2022,Medium
Verasity,VRA,0.020985885,0.048,0.056,0.009,58902495.0,92248152.0,3/16/2022,High
Neutrino System Base Token,NSBT,36.47,0.014,0.09,0.349,365249.0,92043237.0,3/16/2022,Low
Platypus Finance,PTP,4.82,0.045,-0.049,-0.153,2928863.0,91532885.0,3/16/2022,Low
Ampleforth,AMPL,1.12,0.019,0.146,0.235,9846521.0,91484573.0,3/16/2022,Medium
Wanchain,WAN,0.473501,0.018,0.01,-0.024,7300330.0,91110234.0,3/16/2022,Medium
IDEX,IDEX,0.142817,0.013,-0.002,-0.018,22972045.0,90978713.0,3/16/2022,High
Dopex Rebate Token,RDPX,101.45,0.056,0.04,0.113,3498225.0,90554011.0,3/16/2022,Medium
Everipedia,IQ,0.00900614,0.007,0.031,0.022,3388475.0,89718345.0,3/16/2022,Medium
ZoidPay,ZPAY,0.309582,0.037,0.049,0.32,200162.0,89683955.0,3/16/2022,Low
Electroneum,ETN,0.005086663,0.017,0.026,-0.017,176858.0,89440714.0,3/16/2022,Low
KeeperDAO,ROOK,108.14,0.005,0.022,-0.001,420336.0,87457228.0,3/16/2022,Low
cUNI,CUNI,0.177688,0.001,0.008,0.0,818771.0,86960205.0,3/16/2022,Low
Dvision Network,DVI,0.348705,0.011,0.045,-0.169,893982.0,85948342.0,3/16/2022,Low
AllianceBlock,ALBT,0.222035,0.025,0.075,0.046,594392.0,85612394.0,3/16/2022,Low
Bonfida,FIDA,1.61,0.02,0.007,-0.114,4391814.0,85251644.0,3/16/2022,Medium
Adventure Gold,AGLD,1.1,-0.002,0.189,0.098,57235927.0,85075417.0,3/16/2022,High
Avalaunch,XAVA,3.78,0.029,0.032,-0.022,709787.0,84389747.0,3/16/2022,Low
HUNT,HUNT,0.769839,0.005,0.044,-0.032,72974143.0,83873286.0,3/16/2022,High
Automata,ATA,0.367835,0.031,0.041,0.035,10518480.0,83514063.0,3/16/2022,Medium
Banana,BANANA,18.71,0.016,-0.141,0.708,550846.0,83416764.0,3/16/2022,Low
chrono.tech,TIME,118.16,0.023,0.036,-0.147,295233.0,83232136.0,3/16/2022,Low
Celo Dollar,CUSD,0.999208,0.003,0.005,0.001,770929.0,82951206.0,3/16/2022,Low
CertiK,CTK,1.18,0.016,0.04,0.04,7896532.0,82919242.0,3/16/2022,Medium
Adshares,ADS,3.46,0.014,0.063,0.329,1223986.0,82839334.0,3/16/2022,Low
DFI.money,YFII,2051.79,0.022,0.086,0.104,16874472.0,81618922.0,3/16/2022,Medium
Gains Farm,GFARM2,2267.65,0.013,0.033,0.036,133497.0,81067367.0,3/16/2022,Low
Gitcoin,GTC,5.67,0.04,0.06,-0.005,13047215.0,80324424.0,3/16/2022,Medium
Biswap,BSW,0.357696,0.019,0.042,0.149,5174312.0,80023062.0,3/16/2022,Medium
Clover Finance,CLV,0.305749,0.02,0.01,-0.016,8210647.0,79586374.0,3/16/2022,Medium
SafePal,SFP,0.733022,0.027,0.023,-0.039,14792090.0,78755589.0,3/16/2022,Medium
Enzyme,MLN,53.93,0.02,0.02,0.046,7197240.0,78254927.0,3/16/2022,Medium
Crabada,CRA,0.908045,0.047,0.106,0.031,2532869.0,78203679.0,3/16/2022,Low
Covalent,CQT,0.308264,0.022,-0.039,-0.147,4464667.0,78070115.0,3/16/2022,Medium
Aergo,AERGO,0.216541,0.011,0.003,-0.14,8958942.0,78030243.0,3/16/2022,Medium
Nerve Finance,NRV,0.017464923,0.001,-0.028,-0.087,37129.53,77747624.0,3/16/2022,Low
Swarm,BZZ,1.2,0.013,0.049,-0.008,1500542.0,77516525.0,3/16/2022,Low
BENQI,QI,0.049616183,0.036,0.011,-0.023,9851172.0,77090931.0,3/16/2022,Medium
Somnium Space CUBEs,CUBE,5.9,0.024,0.055,0.114,223101.0,76435550.0,3/16/2022,Low
Rai Reflex Index,RAI,3.03,0.001,-0.001,0.003,1012855.0,76393616.0,3/16/2022,Low
PEAKDEFI,PEAK,0.056409522,0.004,0.007,-0.175,51980.14,76293156.0,3/16/2022,Low
Propy,PRO,1.31,0.021,-0.039,-0.189,1379488.0,76264908.0,3/16/2022,Low
Aurory,AURY,8.02,0.006,0.002,-0.008,1527291.0,76264310.0,3/16/2022,Low
mStable USD,MUSD,0.999331,0.001,0.003,0.0,207110.0,75247445.0,3/16/2022,Low
bZx Protocol,BZRX,0.177963,0.022,0.427,0.48,16.65,74186632.0,3/16/2022,Low
ShapeShift FOX Token,FOX,0.273188,0.014,0.001,-0.005,593740.0,73980085.0,3/16/2022,Low
SingularityNET,AGIX,0.084142124,0.026,-0.003,-0.036,868150.0,73918145.0,3/16/2022,Low
Handshake,HNS,0.156275,0.019,-0.054,-0.108,197146.0,73747459.0,3/16/2022,Low
Kin,KIN,4.11e-05,-0.022,0.094,-0.008,1152459.0,73595419.0,3/16/2022,Low
RIZON,ATOLO,0.035663494,0.046,0.023,-0.016,331202.0,72989274.0,3/16/2022,Low
Vader Protocol,VADER,0.014381539,-0.039,-0.096,-0.337,1480880.0,72963217.0,3/16/2022,Low
DeFi Pulse Index,DPI,155.37,0.029,0.042,0.054,207236.0,72755648.0,3/16/2022,Low
Sai,SAI,1.0,0.006,0.016,-0.0005,8343005.0,72643253.0,3/16/2022,Medium
Sovryn,SOV,3.43,0.006,-0.007,-0.071,406765.0,72604865.0,3/16/2022,Low
Badger DAO,BADGER,7.32,0.024,0.027,-0.006,4125819.0,72581913.0,3/16/2022,Medium
TempleDAO,TEMPLE,0.666697,0.021,-0.003,-0.025,1492924.0,71996496.0,3/16/2022,Low
Wrapped NXM,WNXM,26.65,0.027,0.024,0.005,3964149.0,70945266.0,3/16/2022,Medium
Hifi Finance,MFT,0.007556118,0.011,-0.054,0.052,58152200.0,70736052.0,3/16/2022,High
Dock,DOCK,0.033479548,0.024,-0.002,0.0,3240870.0,70448413.0,3/16/2022,Medium
Sifchain,EROWAN,0.091107956,0.026,-0.024,-0.023,3841586.0,70322023.0,3/16/2022,Medium
Retreeb,TREEB,0.225841,0.035,0.137,0.07,905540.0,70125336.0,3/16/2022,Low
Presearch,PRE,0.179852,0.022,-0.042,0.0,598873.0,70111160.0,3/16/2022,Low
PlatonCoin,PLTC,0.640304,-0.001,0.019,0.126,280435.0,69590558.0,3/16/2022,Low
Aave [OLD],LEND,1.36,0.026,0.08,0.038,5128.17,69502548.0,3/16/2022,Low
ShareToken,SHR,0.007189378,0.013,-0.046,-0.138,221837.0,69453171.0,3/16/2022,Low
Circuits of Value,COVAL,0.038262751,-0.001,0.035,-0.038,601191.0,69008937.0,3/16/2022,Low
Travala.com,AVA,1.33,0.018,0.021,0.051,3953320.0,68723455.0,3/16/2022,Medium
Redacted Cartel,BTRFLY,114.27,0.009,0.004,-0.204,580990.0,68675140.0,3/16/2022,Low
IRISnet,IRIS,0.055724268,0.022,-0.008,-0.027,6277598.0,68613799.0,3/16/2022,Medium
ChainX,PCX,1.77,0.054,0.172,0.078,445046.0,68530128.0,3/16/2022,Low
Index Coop - ETH 2x Flexible Leverage Index,ETH2X-FLI,66.16,0.049,0.06,0.119,2344685.0,68519516.0,3/16/2022,Low
cVault.finance,CORE,6768.4,0.016,0.031,0.004,295513.0,68514733.0,3/16/2022,Low
ThunderCore,TT,0.007869638,0.006,-0.003,0.018,13601229.0,67862398.0,3/16/2022,Medium
OpenDAO,SOS,1.71e-06,0.03,0.053,-0.09,14382323.0,67555662.0,3/16/2022,Medium
Carry,CRE,0.007639549,0.014,-0.023,-0.001,15140717.0,66948840.0,3/16/2022,Medium
ARPA Chain,ARPA,0.068515692,0.028,0.026,-0.008,14838311.0,66892485.0,3/16/2022,Medium
GuildFi,GF,1.54,0.005,0.007,0.041,7298293.0,66370610.0,3/16/2022,Medium
EverRise,RISE,0.000950734,0.013,0.081,0.03,423218.0,66340451.0,3/16/2022,Low
SuperRare,RARE,0.458127,0.018,0.029,0.029,16421385.0,66264262.0,3/16/2022,Medium
Oxygen,OXY,0.325739,0.015,0.001,0.084,464624.0,65770433.0,3/16/2022,Low
